ISO-10303-21;
HEADER;
FILE_DESCRIPTION(('FreeCAD Model'),'2;1');
FILE_NAME('Open CASCADE Shape Model','2026-02-28T14:32:17',(''),(''),
  'Open CASCADE STEP processor 7.8','FreeCAD','Unknown');
FILE_SCHEMA(('AUTOMOTIVE_DESIGN { 1 0 10303 214 1 1 1 1 }'));
ENDSEC;
DATA;
#1 = APPLICATION_PROTOCOL_DEFINITION('international standard',
  'automotive_design',2000,#2);
#2 = APPLICATION_CONTEXT(
  'core data for automotive mechanical design processes');
#3 = SHAPE_DEFINITION_REPRESENTATION(#4,#10);
#4 = PRODUCT_DEFINITION_SHAPE('','',#5);
#5 = PRODUCT_DEFINITION('design','',#6,#9);
#6 = PRODUCT_DEFINITION_FORMATION('','',#7);
#7 = PRODUCT('Cut','Cut','',(#8));
#8 = PRODUCT_CONTEXT('',#2,'mechanical');
#9 = PRODUCT_DEFINITION_CONTEXT('part definition',#2,'design');
#10 = ADVANCED_BREP_SHAPE_REPRESENTATION('',(#11,#15),#2289);
#11 = AXIS2_PLACEMENT_3D('',#12,#13,#14);
#12 = CARTESIAN_POINT('',(0.,0.,0.));
#13 = DIRECTION('',(0.,0.,1.));
#14 = DIRECTION('',(1.,0.,-0.));
#15 = MANIFOLD_SOLID_BREP('',#16);
#16 = CLOSED_SHELL('',(#17,#137,#223,#299,#936,#1478,#1505,#1532,#1559,
    #1586,#1613,#1640,#1667,#1729,#1756,#1783,#1810,#1899,#1926,#2013,
    #2040,#2067,#2094,#2147,#2174,#2201,#2208,#2235,#2262));
#17 = ADVANCED_FACE('',(#18),#32,.T.);
#18 = FACE_BOUND('',#19,.T.);
#19 = EDGE_LOOP('',(#20,#55,#83,#111));
#20 = ORIENTED_EDGE('',*,*,#21,.T.);
#21 = EDGE_CURVE('',#22,#24,#26,.T.);
#22 = VERTEX_POINT('',#23);
#23 = CARTESIAN_POINT('',(-0.4,0.,1.826783591051));
#24 = VERTEX_POINT('',#25);
#25 = CARTESIAN_POINT('',(-0.4,-87.,1.826783591051));
#26 = SURFACE_CURVE('',#27,(#31,#43),.PCURVE_S1.);
#27 = LINE('',#28,#29);
#28 = CARTESIAN_POINT('',(-0.4,-4.1E-16,1.826783591051));
#29 = VECTOR('',#30,1.);
#30 = DIRECTION('',(0.,-1.,2.2E-16));
#31 = PCURVE('',#32,#37);
#32 = PLANE('',#33);
#33 = AXIS2_PLACEMENT_3D('',#34,#35,#36);
#34 = CARTESIAN_POINT('',(-0.4,-4.1E-16,1.826783591051));
#35 = DIRECTION('',(1.,0.,0.));
#36 = DIRECTION('',(0.,2.2E-16,-1.));
#37 = DEFINITIONAL_REPRESENTATION('',(#38),#42);
#38 = LINE('',#39,#40);
#39 = CARTESIAN_POINT('',(0.,0.));
#40 = VECTOR('',#41,1.);
#41 = DIRECTION('',(-4.4E-16,-1.));
#42 = ( GEOMETRIC_REPRESENTATION_CONTEXT(2) 
PARAMETRIC_REPRESENTATION_CONTEXT() REPRESENTATION_CONTEXT('2D SPACE',''
  ) );
#43 = PCURVE('',#44,#49);
#44 = CYLINDRICAL_SURFACE('',#45,1.8);
#45 = AXIS2_PLACEMENT_3D('',#46,#47,#48);
#46 = CARTESIAN_POINT('',(-2.2,-4.1E-16,1.826783591051));
#47 = DIRECTION('',(0.,1.,2.2E-16));
#48 = DIRECTION('',(1.,0.,0.));
#49 = DEFINITIONAL_REPRESENTATION('',(#50),#54);
#50 = LINE('',#51,#52);
#51 = CARTESIAN_POINT('',(-0.,0.));
#52 = VECTOR('',#53,1.);
#53 = DIRECTION('',(-0.,-1.));
#54 = ( GEOMETRIC_REPRESENTATION_CONTEXT(2) 
PARAMETRIC_REPRESENTATION_CONTEXT() REPRESENTATION_CONTEXT('2D SPACE',''
  ) );
#55 = ORIENTED_EDGE('',*,*,#56,.T.);
#56 = EDGE_CURVE('',#24,#57,#59,.T.);
#57 = VERTEX_POINT('',#58);
#58 = CARTESIAN_POINT('',(-0.4,-87.,1.9E-14));
#59 = SURFACE_CURVE('',#60,(#64,#71),.PCURVE_S1.);
#60 = LINE('',#61,#62);
#61 = CARTESIAN_POINT('',(-0.4,-87.,1.826783591051));
#62 = VECTOR('',#63,1.);
#63 = DIRECTION('',(0.,0.,-1.));
#64 = PCURVE('',#32,#65);
#65 = DEFINITIONAL_REPRESENTATION('',(#66),#70);
#66 = LINE('',#67,#68);
#67 = CARTESIAN_POINT('',(-3.823583602355E-14,-87.));
#68 = VECTOR('',#69,1.);
#69 = DIRECTION('',(1.,-2.2E-16));
#70 = ( GEOMETRIC_REPRESENTATION_CONTEXT(2) 
PARAMETRIC_REPRESENTATION_CONTEXT() REPRESENTATION_CONTEXT('2D SPACE',''
  ) );
#71 = PCURVE('',#72,#77);
#72 = PLANE('',#73);
#73 = AXIS2_PLACEMENT_3D('',#74,#75,#76);
#74 = CARTESIAN_POINT('',(47.748375329531,-87.,17.319445265922));
#75 = DIRECTION('',(0.,1.,0.));
#76 = DIRECTION('',(0.,0.,1.));
#77 = DEFINITIONAL_REPRESENTATION('',(#78),#82);
#78 = LINE('',#79,#80);
#79 = CARTESIAN_POINT('',(-15.49266167487,-48.14837532953));
#80 = VECTOR('',#81,1.);
#81 = DIRECTION('',(-1.,0.));
#82 = ( GEOMETRIC_REPRESENTATION_CONTEXT(2) 
PARAMETRIC_REPRESENTATION_CONTEXT() REPRESENTATION_CONTEXT('2D SPACE',''
  ) );
#83 = ORIENTED_EDGE('',*,*,#84,.F.);
#84 = EDGE_CURVE('',#85,#57,#87,.T.);
#85 = VERTEX_POINT('',#86);
#86 = CARTESIAN_POINT('',(-0.4,0.,0.));
#87 = SURFACE_CURVE('',#88,(#92,#99),.PCURVE_S1.);
#88 = LINE('',#89,#90);
#89 = CARTESIAN_POINT('',(-0.4,0.,0.));
#90 = VECTOR('',#91,1.);
#91 = DIRECTION('',(0.,-1.,2.2E-16));
#92 = PCURVE('',#32,#93);
#93 = DEFINITIONAL_REPRESENTATION('',(#94),#98);
#94 = LINE('',#95,#96);
#95 = CARTESIAN_POINT('',(1.826783591051,8.107609968767E-18));
#96 = VECTOR('',#97,1.);
#97 = DIRECTION('',(-4.4E-16,-1.));
#98 = ( GEOMETRIC_REPRESENTATION_CONTEXT(2) 
PARAMETRIC_REPRESENTATION_CONTEXT() REPRESENTATION_CONTEXT('2D SPACE',''
  ) );
#99 = PCURVE('',#100,#105);
#100 = PLANE('',#101);
#101 = AXIS2_PLACEMENT_3D('',#102,#103,#104);
#102 = CARTESIAN_POINT('',(-0.4,0.,0.));
#103 = DIRECTION('',(0.,-2.2E-16,-1.));
#104 = DIRECTION('',(-1.,0.,0.));
#105 = DEFINITIONAL_REPRESENTATION('',(#106),#110);
#106 = LINE('',#107,#108);
#107 = CARTESIAN_POINT('',(0.,0.));
#108 = VECTOR('',#109,1.);
#109 = DIRECTION('',(0.,-1.));
#110 = ( GEOMETRIC_REPRESENTATION_CONTEXT(2) 
PARAMETRIC_REPRESENTATION_CONTEXT() REPRESENTATION_CONTEXT('2D SPACE',''
  ) );
#111 = ORIENTED_EDGE('',*,*,#112,.F.);
#112 = EDGE_CURVE('',#22,#85,#113,.T.);
#113 = SURFACE_CURVE('',#114,(#118,#125),.PCURVE_S1.);
#114 = LINE('',#115,#116);
#115 = CARTESIAN_POINT('',(-0.4,0.,1.826783591051));
#116 = VECTOR('',#117,1.);
#117 = DIRECTION('',(0.,0.,-1.));
#118 = PCURVE('',#32,#119);
#119 = DEFINITIONAL_REPRESENTATION('',(#120),#124);
#120 = LINE('',#121,#122);
#121 = CARTESIAN_POINT('',(9.02E-32,4.1E-16));
#122 = VECTOR('',#123,1.);
#123 = DIRECTION('',(1.,-2.2E-16));
#124 = ( GEOMETRIC_REPRESENTATION_CONTEXT(2) 
PARAMETRIC_REPRESENTATION_CONTEXT() REPRESENTATION_CONTEXT('2D SPACE',''
  ) );
#125 = PCURVE('',#126,#131);
#126 = PLANE('',#127);
#127 = AXIS2_PLACEMENT_3D('',#128,#129,#130);
#128 = CARTESIAN_POINT('',(47.748375329531,-3.85E-15,17.319445265922));
#129 = DIRECTION('',(0.,1.,0.));
#130 = DIRECTION('',(0.,0.,1.));
#131 = DEFINITIONAL_REPRESENTATION('',(#132),#136);
#132 = LINE('',#133,#134);
#133 = CARTESIAN_POINT('',(-15.49266167487,-48.14837532953));
#134 = VECTOR('',#135,1.);
#135 = DIRECTION('',(-1.,0.));
#136 = ( GEOMETRIC_REPRESENTATION_CONTEXT(2) 
PARAMETRIC_REPRESENTATION_CONTEXT() REPRESENTATION_CONTEXT('2D SPACE',''
  ) );
#137 = ADVANCED_FACE('',(#138),#44,.T.);
#138 = FACE_BOUND('',#139,.F.);
#139 = EDGE_LOOP('',(#140,#141,#169,#197));
#140 = ORIENTED_EDGE('',*,*,#21,.T.);
#141 = ORIENTED_EDGE('',*,*,#142,.T.);
#142 = EDGE_CURVE('',#24,#143,#145,.T.);
#143 = VERTEX_POINT('',#144);
#144 = CARTESIAN_POINT('',(-1.901132075472,-87.,3.601798510337));
#145 = SURFACE_CURVE('',#146,(#151,#158),.PCURVE_S1.);
#146 = CIRCLE('',#147,1.8);
#147 = AXIS2_PLACEMENT_3D('',#148,#149,#150);
#148 = CARTESIAN_POINT('',(-2.2,-87.,1.826783591051));
#149 = DIRECTION('',(0.,-1.,0.));
#150 = DIRECTION('',(1.,0.,0.));
#151 = PCURVE('',#44,#152);
#152 = DEFINITIONAL_REPRESENTATION('',(#153),#157);
#153 = LINE('',#154,#155);
#154 = CARTESIAN_POINT('',(-0.,-87.));
#155 = VECTOR('',#156,1.);
#156 = DIRECTION('',(-1.,0.));
#157 = ( GEOMETRIC_REPRESENTATION_CONTEXT(2) 
PARAMETRIC_REPRESENTATION_CONTEXT() REPRESENTATION_CONTEXT('2D SPACE',''
  ) );
#158 = PCURVE('',#72,#159);
#159 = DEFINITIONAL_REPRESENTATION('',(#160),#168);
#160 = ( BOUNDED_CURVE() B_SPLINE_CURVE(2,(#161,#162,#163,#164,#165,#166
,#167),.UNSPECIFIED.,.T.,.F.) B_SPLINE_CURVE_WITH_KNOTS((1,2,2,2,2,1),(
    -2.094395102393,0.,2.094395102393,4.188790204786,6.28318530718,
8.377580409573),.UNSPECIFIED.) CURVE() GEOMETRIC_REPRESENTATION_ITEM() 
RATIONAL_B_SPLINE_CURVE((1.,0.5,1.,0.5,1.,0.5,1.)) REPRESENTATION_ITEM(
  '') );
#161 = CARTESIAN_POINT('',(-15.49266167487,-48.14837532953));
#162 = CARTESIAN_POINT('',(-12.37497022124,-48.14837532953));
#163 = CARTESIAN_POINT('',(-13.93381594805,-50.84837532953));
#164 = CARTESIAN_POINT('',(-15.49266167487,-53.54837532953));
#165 = CARTESIAN_POINT('',(-17.05150740168,-50.84837532953));
#166 = CARTESIAN_POINT('',(-18.61035312849,-48.14837532953));
#167 = CARTESIAN_POINT('',(-15.49266167487,-48.14837532953));
#168 = ( GEOMETRIC_REPRESENTATION_CONTEXT(2) 
PARAMETRIC_REPRESENTATION_CONTEXT() REPRESENTATION_CONTEXT('2D SPACE',''
  ) );
#169 = ORIENTED_EDGE('',*,*,#170,.F.);
#170 = EDGE_CURVE('',#171,#143,#173,.T.);
#171 = VERTEX_POINT('',#172);
#172 = CARTESIAN_POINT('',(-1.901132075472,-1.E-15,3.601798510337));
#173 = SURFACE_CURVE('',#174,(#178,#185),.PCURVE_S1.);
#174 = LINE('',#175,#176);
#175 = CARTESIAN_POINT('',(-1.901132075472,-8.E-16,3.601798510337));
#176 = VECTOR('',#177,1.);
#177 = DIRECTION('',(0.,-1.,2.2E-16));
#178 = PCURVE('',#44,#179);
#179 = DEFINITIONAL_REPRESENTATION('',(#180),#184);
#180 = LINE('',#181,#182);
#181 = CARTESIAN_POINT('',(-1.403986065504,0.));
#182 = VECTOR('',#183,1.);
#183 = DIRECTION('',(-0.,-1.));
#184 = ( GEOMETRIC_REPRESENTATION_CONTEXT(2) 
PARAMETRIC_REPRESENTATION_CONTEXT() REPRESENTATION_CONTEXT('2D SPACE',''
  ) );
#185 = PCURVE('',#186,#191);
#186 = CYLINDRICAL_SURFACE('',#187,0.85);
#187 = AXIS2_PLACEMENT_3D('',#188,#189,#190);
#188 = CARTESIAN_POINT('',(-1.76,-9.9E-16,4.44));
#189 = DIRECTION('',(0.,1.,2.2E-16));
#190 = DIRECTION('',(1.,0.,0.));
#191 = DEFINITIONAL_REPRESENTATION('',(#192),#196);
#192 = LINE('',#193,#194);
#193 = CARTESIAN_POINT('',(-4.545578719094,0.));
#194 = VECTOR('',#195,1.);
#195 = DIRECTION('',(-0.,-1.));
#196 = ( GEOMETRIC_REPRESENTATION_CONTEXT(2) 
PARAMETRIC_REPRESENTATION_CONTEXT() REPRESENTATION_CONTEXT('2D SPACE',''
  ) );
#197 = ORIENTED_EDGE('',*,*,#198,.F.);
#198 = EDGE_CURVE('',#22,#171,#199,.T.);
#199 = SURFACE_CURVE('',#200,(#205,#212),.PCURVE_S1.);
#200 = CIRCLE('',#201,1.8);
#201 = AXIS2_PLACEMENT_3D('',#202,#203,#204);
#202 = CARTESIAN_POINT('',(-2.2,0.,1.826783591051));
#203 = DIRECTION('',(0.,-1.,0.));
#204 = DIRECTION('',(1.,0.,0.));
#205 = PCURVE('',#44,#206);
#206 = DEFINITIONAL_REPRESENTATION('',(#207),#211);
#207 = LINE('',#208,#209);
#208 = CARTESIAN_POINT('',(-0.,0.));
#209 = VECTOR('',#210,1.);
#210 = DIRECTION('',(-1.,0.));
#211 = ( GEOMETRIC_REPRESENTATION_CONTEXT(2) 
PARAMETRIC_REPRESENTATION_CONTEXT() REPRESENTATION_CONTEXT('2D SPACE',''
  ) );
#212 = PCURVE('',#126,#213);
#213 = DEFINITIONAL_REPRESENTATION('',(#214),#222);
#214 = ( BOUNDED_CURVE() B_SPLINE_CURVE(2,(#215,#216,#217,#218,#219,#220
,#221),.UNSPECIFIED.,.T.,.F.) B_SPLINE_CURVE_WITH_KNOTS((1,2,2,2,2,1),(
    -2.094395102393,0.,2.094395102393,4.188790204786,6.28318530718,
8.377580409573),.UNSPECIFIED.) CURVE() GEOMETRIC_REPRESENTATION_ITEM() 
RATIONAL_B_SPLINE_CURVE((1.,0.5,1.,0.5,1.,0.5,1.)) REPRESENTATION_ITEM(
  '') );
#215 = CARTESIAN_POINT('',(-15.49266167487,-48.14837532953));
#216 = CARTESIAN_POINT('',(-12.37497022124,-48.14837532953));
#217 = CARTESIAN_POINT('',(-13.93381594805,-50.84837532953));
#218 = CARTESIAN_POINT('',(-15.49266167487,-53.54837532953));
#219 = CARTESIAN_POINT('',(-17.05150740168,-50.84837532953));
#220 = CARTESIAN_POINT('',(-18.61035312849,-48.14837532953));
#221 = CARTESIAN_POINT('',(-15.49266167487,-48.14837532953));
#222 = ( GEOMETRIC_REPRESENTATION_CONTEXT(2) 
PARAMETRIC_REPRESENTATION_CONTEXT() REPRESENTATION_CONTEXT('2D SPACE',''
  ) );
#223 = ADVANCED_FACE('',(#224),#100,.T.);
#224 = FACE_BOUND('',#225,.T.);
#225 = EDGE_LOOP('',(#226,#227,#250,#278));
#226 = ORIENTED_EDGE('',*,*,#84,.T.);
#227 = ORIENTED_EDGE('',*,*,#228,.T.);
#228 = EDGE_CURVE('',#57,#229,#231,.T.);
#229 = VERTEX_POINT('',#230);
#230 = CARTESIAN_POINT('',(-1.4,-87.,1.9E-14));
#231 = SURFACE_CURVE('',#232,(#236,#243),.PCURVE_S1.);
#232 = LINE('',#233,#234);
#233 = CARTESIAN_POINT('',(-0.4,-87.,1.9E-14));
#234 = VECTOR('',#235,1.);
#235 = DIRECTION('',(-1.,0.,0.));
#236 = PCURVE('',#100,#237);
#237 = DEFINITIONAL_REPRESENTATION('',(#238),#242);
#238 = LINE('',#239,#240);
#239 = CARTESIAN_POINT('',(0.,-87.));
#240 = VECTOR('',#241,1.);
#241 = DIRECTION('',(1.,0.));
#242 = ( GEOMETRIC_REPRESENTATION_CONTEXT(2) 
PARAMETRIC_REPRESENTATION_CONTEXT() REPRESENTATION_CONTEXT('2D SPACE',''
  ) );
#243 = PCURVE('',#72,#244);
#244 = DEFINITIONAL_REPRESENTATION('',(#245),#249);
#245 = LINE('',#246,#247);
#246 = CARTESIAN_POINT('',(-17.31944526592,-48.14837532953));
#247 = VECTOR('',#248,1.);
#248 = DIRECTION('',(0.,-1.));
#249 = ( GEOMETRIC_REPRESENTATION_CONTEXT(2) 
PARAMETRIC_REPRESENTATION_CONTEXT() REPRESENTATION_CONTEXT('2D SPACE',''
  ) );
#250 = ORIENTED_EDGE('',*,*,#251,.F.);
#251 = EDGE_CURVE('',#252,#229,#254,.T.);
#252 = VERTEX_POINT('',#253);
#253 = CARTESIAN_POINT('',(-1.4,0.,0.));
#254 = SURFACE_CURVE('',#255,(#259,#266),.PCURVE_S1.);
#255 = LINE('',#256,#257);
#256 = CARTESIAN_POINT('',(-1.4,0.,0.));
#257 = VECTOR('',#258,1.);
#258 = DIRECTION('',(0.,-1.,2.2E-16));
#259 = PCURVE('',#100,#260);
#260 = DEFINITIONAL_REPRESENTATION('',(#261),#265);
#261 = LINE('',#262,#263);
#262 = CARTESIAN_POINT('',(1.,0.));
#263 = VECTOR('',#264,1.);
#264 = DIRECTION('',(0.,-1.));
#265 = ( GEOMETRIC_REPRESENTATION_CONTEXT(2) 
PARAMETRIC_REPRESENTATION_CONTEXT() REPRESENTATION_CONTEXT('2D SPACE',''
  ) );
#266 = PCURVE('',#267,#272);
#267 = PLANE('',#268);
#268 = AXIS2_PLACEMENT_3D('',#269,#270,#271);
#269 = CARTESIAN_POINT('',(-1.4,0.,0.));
#270 = DIRECTION('',(-1.,0.,0.));
#271 = DIRECTION('',(0.,-2.2E-16,1.));
#272 = DEFINITIONAL_REPRESENTATION('',(#273),#277);
#273 = LINE('',#274,#275);
#274 = CARTESIAN_POINT('',(0.,0.));
#275 = VECTOR('',#276,1.);
#276 = DIRECTION('',(4.4E-16,-1.));
#277 = ( GEOMETRIC_REPRESENTATION_CONTEXT(2) 
PARAMETRIC_REPRESENTATION_CONTEXT() REPRESENTATION_CONTEXT('2D SPACE',''
  ) );
#278 = ORIENTED_EDGE('',*,*,#279,.F.);
#279 = EDGE_CURVE('',#85,#252,#280,.T.);
#280 = SURFACE_CURVE('',#281,(#285,#292),.PCURVE_S1.);
#281 = LINE('',#282,#283);
#282 = CARTESIAN_POINT('',(-0.4,0.,0.));
#283 = VECTOR('',#284,1.);
#284 = DIRECTION('',(-1.,0.,0.));
#285 = PCURVE('',#100,#286);
#286 = DEFINITIONAL_REPRESENTATION('',(#287),#291);
#287 = LINE('',#288,#289);
#288 = CARTESIAN_POINT('',(0.,0.));
#289 = VECTOR('',#290,1.);
#290 = DIRECTION('',(1.,0.));
#291 = ( GEOMETRIC_REPRESENTATION_CONTEXT(2) 
PARAMETRIC_REPRESENTATION_CONTEXT() REPRESENTATION_CONTEXT('2D SPACE',''
  ) );
#292 = PCURVE('',#126,#293);
#293 = DEFINITIONAL_REPRESENTATION('',(#294),#298);
#294 = LINE('',#295,#296);
#295 = CARTESIAN_POINT('',(-17.31944526592,-48.14837532953));
#296 = VECTOR('',#297,1.);
#297 = DIRECTION('',(0.,-1.));
#298 = ( GEOMETRIC_REPRESENTATION_CONTEXT(2) 
PARAMETRIC_REPRESENTATION_CONTEXT() REPRESENTATION_CONTEXT('2D SPACE',''
  ) );
#299 = ADVANCED_FACE('',(#300),#126,.T.);
#300 = FACE_BOUND('',#301,.T.);
#301 = EDGE_LOOP('',(#302,#303,#304,#327,#360,#393,#426,#454,#487,#515,
    #548,#576,#609,#637,#665,#693,#726,#754,#787,#815,#848,#876,#909,
    #935));
#302 = ORIENTED_EDGE('',*,*,#112,.T.);
#303 = ORIENTED_EDGE('',*,*,#279,.T.);
#304 = ORIENTED_EDGE('',*,*,#305,.T.);
#305 = EDGE_CURVE('',#252,#306,#308,.T.);
#306 = VERTEX_POINT('',#307);
#307 = CARTESIAN_POINT('',(-1.4,0.,1.826783591051));
#308 = SURFACE_CURVE('',#309,(#313,#320),.PCURVE_S1.);
#309 = LINE('',#310,#311);
#310 = CARTESIAN_POINT('',(-1.4,0.,0.));
#311 = VECTOR('',#312,1.);
#312 = DIRECTION('',(0.,0.,1.));
#313 = PCURVE('',#126,#314);
#314 = DEFINITIONAL_REPRESENTATION('',(#315),#319);
#315 = LINE('',#316,#317);
#316 = CARTESIAN_POINT('',(-17.31944526592,-49.14837532953));
#317 = VECTOR('',#318,1.);
#318 = DIRECTION('',(1.,0.));
#319 = ( GEOMETRIC_REPRESENTATION_CONTEXT(2) 
PARAMETRIC_REPRESENTATION_CONTEXT() REPRESENTATION_CONTEXT('2D SPACE',''
  ) );
#320 = PCURVE('',#267,#321);
#321 = DEFINITIONAL_REPRESENTATION('',(#322),#326);
#322 = LINE('',#323,#324);
#323 = CARTESIAN_POINT('',(0.,0.));
#324 = VECTOR('',#325,1.);
#325 = DIRECTION('',(1.,2.2E-16));
#326 = ( GEOMETRIC_REPRESENTATION_CONTEXT(2) 
PARAMETRIC_REPRESENTATION_CONTEXT() REPRESENTATION_CONTEXT('2D SPACE',''
  ) );
#327 = ORIENTED_EDGE('',*,*,#328,.T.);
#328 = EDGE_CURVE('',#306,#329,#331,.T.);
#329 = VERTEX_POINT('',#330);
#330 = CARTESIAN_POINT('',(-2.067169811321,-1.E-15,2.615679110734));
#331 = SURFACE_CURVE('',#332,(#337,#348),.PCURVE_S1.);
#332 = CIRCLE('',#333,0.8);
#333 = AXIS2_PLACEMENT_3D('',#334,#335,#336);
#334 = CARTESIAN_POINT('',(-2.2,0.,1.826783591051));
#335 = DIRECTION('',(0.,-1.,0.));
#336 = DIRECTION('',(1.,0.,0.));
#337 = PCURVE('',#126,#338);
#338 = DEFINITIONAL_REPRESENTATION('',(#339),#347);
#339 = ( BOUNDED_CURVE() B_SPLINE_CURVE(2,(#340,#341,#342,#343,#344,#345
,#346),.UNSPECIFIED.,.T.,.F.) B_SPLINE_CURVE_WITH_KNOTS((1,2,2,2,2,1),(
    -2.094395102393,0.,2.094395102393,4.188790204786,6.28318530718,
8.377580409573),.UNSPECIFIED.) CURVE() GEOMETRIC_REPRESENTATION_ITEM() 
RATIONAL_B_SPLINE_CURVE((1.,0.5,1.,0.5,1.,0.5,1.)) REPRESENTATION_ITEM(
  '') );
#340 = CARTESIAN_POINT('',(-15.49266167487,-49.14837532953));
#341 = CARTESIAN_POINT('',(-14.10702102881,-49.14837532953));
#342 = CARTESIAN_POINT('',(-14.79984135184,-50.34837532953));
#343 = CARTESIAN_POINT('',(-15.49266167487,-51.54837532953));
#344 = CARTESIAN_POINT('',(-16.18548199789,-50.34837532953));
#345 = CARTESIAN_POINT('',(-16.87830232092,-49.14837532953));
#346 = CARTESIAN_POINT('',(-15.49266167487,-49.14837532953));
#347 = ( GEOMETRIC_REPRESENTATION_CONTEXT(2) 
PARAMETRIC_REPRESENTATION_CONTEXT() REPRESENTATION_CONTEXT('2D SPACE',''
  ) );
#348 = PCURVE('',#349,#354);
#349 = CYLINDRICAL_SURFACE('',#350,0.8);
#350 = AXIS2_PLACEMENT_3D('',#351,#352,#353);
#351 = CARTESIAN_POINT('',(-2.2,-4.1E-16,1.826783591051));
#352 = DIRECTION('',(0.,1.,2.2E-16));
#353 = DIRECTION('',(1.,0.,0.));
#354 = DEFINITIONAL_REPRESENTATION('',(#355),#359);
#355 = LINE('',#356,#357);
#356 = CARTESIAN_POINT('',(-0.,0.));
#357 = VECTOR('',#358,1.);
#358 = DIRECTION('',(-1.,0.));
#359 = ( GEOMETRIC_REPRESENTATION_CONTEXT(2) 
PARAMETRIC_REPRESENTATION_CONTEXT() REPRESENTATION_CONTEXT('2D SPACE',''
  ) );
#360 = ORIENTED_EDGE('',*,*,#361,.F.);
#361 = EDGE_CURVE('',#362,#329,#364,.T.);
#362 = VERTEX_POINT('',#363);
#363 = CARTESIAN_POINT('',(-2.067169811321,-1.E-15,6.264320889266));
#364 = SURFACE_CURVE('',#365,(#370,#381),.PCURVE_S1.);
#365 = CIRCLE('',#366,1.85);
#366 = AXIS2_PLACEMENT_3D('',#367,#368,#369);
#367 = CARTESIAN_POINT('',(-1.76,0.,4.44));
#368 = DIRECTION('',(0.,-1.,0.));
#369 = DIRECTION('',(1.,0.,0.));
#370 = PCURVE('',#126,#371);
#371 = DEFINITIONAL_REPRESENTATION('',(#372),#380);
#372 = ( BOUNDED_CURVE() B_SPLINE_CURVE(2,(#373,#374,#375,#376,#377,#378
,#379),.UNSPECIFIED.,.T.,.F.) B_SPLINE_CURVE_WITH_KNOTS((1,2,2,2,2,1),(
    -2.094395102393,0.,2.094395102393,4.188790204786,6.28318530718,
8.377580409573),.UNSPECIFIED.) CURVE() GEOMETRIC_REPRESENTATION_ITEM() 
RATIONAL_B_SPLINE_CURVE((1.,0.5,1.,0.5,1.,0.5,1.)) REPRESENTATION_ITEM(
  '') );
#373 = CARTESIAN_POINT('',(-12.87944526592,-47.65837532953));
#374 = CARTESIAN_POINT('',(-9.67515127192,-47.65837532953));
#375 = CARTESIAN_POINT('',(-11.27729826892,-50.43337532953));
#376 = CARTESIAN_POINT('',(-12.87944526592,-53.20837532953));
#377 = CARTESIAN_POINT('',(-14.48159226292,-50.43337532953));
#378 = CARTESIAN_POINT('',(-16.08373925992,-47.65837532953));
#379 = CARTESIAN_POINT('',(-12.87944526592,-47.65837532953));
#380 = ( GEOMETRIC_REPRESENTATION_CONTEXT(2) 
PARAMETRIC_REPRESENTATION_CONTEXT() REPRESENTATION_CONTEXT('2D SPACE',''
  ) );
#381 = PCURVE('',#382,#387);
#382 = CYLINDRICAL_SURFACE('',#383,1.85);
#383 = AXIS2_PLACEMENT_3D('',#384,#385,#386);
#384 = CARTESIAN_POINT('',(-1.76,-9.9E-16,4.44));
#385 = DIRECTION('',(0.,1.,2.2E-16));
#386 = DIRECTION('',(1.,0.,0.));
#387 = DEFINITIONAL_REPRESENTATION('',(#388),#392);
#388 = LINE('',#389,#390);
#389 = CARTESIAN_POINT('',(-0.,0.));
#390 = VECTOR('',#391,1.);
#391 = DIRECTION('',(-1.,0.));
#392 = ( GEOMETRIC_REPRESENTATION_CONTEXT(2) 
PARAMETRIC_REPRESENTATION_CONTEXT() REPRESENTATION_CONTEXT('2D SPACE',''
  ) );
#393 = ORIENTED_EDGE('',*,*,#394,.T.);
#394 = EDGE_CURVE('',#362,#395,#397,.T.);
#395 = VERTEX_POINT('',#396);
#396 = CARTESIAN_POINT('',(-1.4,-2.E-15,7.053216408949));
#397 = SURFACE_CURVE('',#398,(#403,#414),.PCURVE_S1.);
#398 = CIRCLE('',#399,0.8);
#399 = AXIS2_PLACEMENT_3D('',#400,#401,#402);
#400 = CARTESIAN_POINT('',(-2.2,0.,7.053216408949));
#401 = DIRECTION('',(0.,-1.,0.));
#402 = DIRECTION('',(1.,0.,0.));
#403 = PCURVE('',#126,#404);
#404 = DEFINITIONAL_REPRESENTATION('',(#405),#413);
#405 = ( BOUNDED_CURVE() B_SPLINE_CURVE(2,(#406,#407,#408,#409,#410,#411
,#412),.UNSPECIFIED.,.T.,.F.) B_SPLINE_CURVE_WITH_KNOTS((1,2,2,2,2,1),(
    -2.094395102393,0.,2.094395102393,4.188790204786,6.28318530718,
8.377580409573),.UNSPECIFIED.) CURVE() GEOMETRIC_REPRESENTATION_ITEM() 
RATIONAL_B_SPLINE_CURVE((1.,0.5,1.,0.5,1.,0.5,1.)) REPRESENTATION_ITEM(
  '') );
#406 = CARTESIAN_POINT('',(-10.26622885697,-49.14837532953));
#407 = CARTESIAN_POINT('',(-8.880588210918,-49.14837532953));
#408 = CARTESIAN_POINT('',(-9.573408533946,-50.34837532953));
#409 = CARTESIAN_POINT('',(-10.26622885697,-51.54837532953));
#410 = CARTESIAN_POINT('',(-10.95904918,-50.34837532953));
#411 = CARTESIAN_POINT('',(-11.65186950302,-49.14837532953));
#412 = CARTESIAN_POINT('',(-10.26622885697,-49.14837532953));
#413 = ( GEOMETRIC_REPRESENTATION_CONTEXT(2) 
PARAMETRIC_REPRESENTATION_CONTEXT() REPRESENTATION_CONTEXT('2D SPACE',''
  ) );
#414 = PCURVE('',#415,#420);
#415 = CYLINDRICAL_SURFACE('',#416,0.8);
#416 = AXIS2_PLACEMENT_3D('',#417,#418,#419);
#417 = CARTESIAN_POINT('',(-2.2,-1.57E-15,7.053216408949));
#418 = DIRECTION('',(0.,1.,2.2E-16));
#419 = DIRECTION('',(1.,0.,0.));
#420 = DEFINITIONAL_REPRESENTATION('',(#421),#425);
#421 = LINE('',#422,#423);
#422 = CARTESIAN_POINT('',(-0.,0.));
#423 = VECTOR('',#424,1.);
#424 = DIRECTION('',(-1.,0.));
#425 = ( GEOMETRIC_REPRESENTATION_CONTEXT(2) 
PARAMETRIC_REPRESENTATION_CONTEXT() REPRESENTATION_CONTEXT('2D SPACE',''
  ) );
#426 = ORIENTED_EDGE('',*,*,#427,.T.);
#427 = EDGE_CURVE('',#395,#428,#430,.T.);
#428 = VERTEX_POINT('',#429);
#429 = CARTESIAN_POINT('',(-1.4,-4.E-15,19.34));
#430 = SURFACE_CURVE('',#431,(#435,#442),.PCURVE_S1.);
#431 = LINE('',#432,#433);
#432 = CARTESIAN_POINT('',(-1.4,0.,7.053216408949));
#433 = VECTOR('',#434,1.);
#434 = DIRECTION('',(0.,0.,1.));
#435 = PCURVE('',#126,#436);
#436 = DEFINITIONAL_REPRESENTATION('',(#437),#441);
#437 = LINE('',#438,#439);
#438 = CARTESIAN_POINT('',(-10.26622885697,-49.14837532953));
#439 = VECTOR('',#440,1.);
#440 = DIRECTION('',(1.,0.));
#441 = ( GEOMETRIC_REPRESENTATION_CONTEXT(2) 
PARAMETRIC_REPRESENTATION_CONTEXT() REPRESENTATION_CONTEXT('2D SPACE',''
  ) );
#442 = PCURVE('',#443,#448);
#443 = PLANE('',#444);
#444 = AXIS2_PLACEMENT_3D('',#445,#446,#447);
#445 = CARTESIAN_POINT('',(-1.4,-1.57E-15,7.053216408949));
#446 = DIRECTION('',(-1.,0.,0.));
#447 = DIRECTION('',(0.,-2.2E-16,1.));
#448 = DEFINITIONAL_REPRESENTATION('',(#449),#453);
#449 = LINE('',#450,#451);
#450 = CARTESIAN_POINT('',(-3.454E-31,1.57E-15));
#451 = VECTOR('',#452,1.);
#452 = DIRECTION('',(1.,2.2E-16));
#453 = ( GEOMETRIC_REPRESENTATION_CONTEXT(2) 
PARAMETRIC_REPRESENTATION_CONTEXT() REPRESENTATION_CONTEXT('2D SPACE',''
  ) );
#454 = ORIENTED_EDGE('',*,*,#455,.F.);
#455 = EDGE_CURVE('',#456,#428,#458,.T.);
#456 = VERTEX_POINT('',#457);
#457 = CARTESIAN_POINT('',(0.4,-5.E-15,21.14));
#458 = SURFACE_CURVE('',#459,(#464,#475),.PCURVE_S1.);
#459 = CIRCLE('',#460,1.8);
#460 = AXIS2_PLACEMENT_3D('',#461,#462,#463);
#461 = CARTESIAN_POINT('',(0.4,0.,19.34));
#462 = DIRECTION('',(0.,-1.,0.));
#463 = DIRECTION('',(1.,0.,0.));
#464 = PCURVE('',#126,#465);
#465 = DEFINITIONAL_REPRESENTATION('',(#466),#474);
#466 = ( BOUNDED_CURVE() B_SPLINE_CURVE(2,(#467,#468,#469,#470,#471,#472
,#473),.UNSPECIFIED.,.T.,.F.) B_SPLINE_CURVE_WITH_KNOTS((1,2,2,2,2,1),(
    -2.094395102393,0.,2.094395102393,4.188790204786,6.28318530718,
8.377580409573),.UNSPECIFIED.) CURVE() GEOMETRIC_REPRESENTATION_ITEM() 
RATIONAL_B_SPLINE_CURVE((1.,0.5,1.,0.5,1.,0.5,1.)) REPRESENTATION_ITEM(
  '') );
#467 = CARTESIAN_POINT('',(2.020554734078,-45.54837532953));
#468 = CARTESIAN_POINT('',(5.138246187702,-45.54837532953));
#469 = CARTESIAN_POINT('',(3.57940046089,-48.24837532953));
#470 = CARTESIAN_POINT('',(2.020554734078,-50.94837532953));
#471 = CARTESIAN_POINT('',(0.461709007266,-48.24837532953));
#472 = CARTESIAN_POINT('',(-1.097136719546,-45.54837532953));
#473 = CARTESIAN_POINT('',(2.020554734078,-45.54837532953));
#474 = ( GEOMETRIC_REPRESENTATION_CONTEXT(2) 
PARAMETRIC_REPRESENTATION_CONTEXT() REPRESENTATION_CONTEXT('2D SPACE',''
  ) );
#475 = PCURVE('',#476,#481);
#476 = CYLINDRICAL_SURFACE('',#477,1.8);
#477 = AXIS2_PLACEMENT_3D('',#478,#479,#480);
#478 = CARTESIAN_POINT('',(0.4,-4.29E-15,19.34));
#479 = DIRECTION('',(0.,1.,2.2E-16));
#480 = DIRECTION('',(1.,0.,0.));
#481 = DEFINITIONAL_REPRESENTATION('',(#482),#486);
#482 = LINE('',#483,#484);
#483 = CARTESIAN_POINT('',(-0.,0.));
#484 = VECTOR('',#485,1.);
#485 = DIRECTION('',(-1.,0.));
#486 = ( GEOMETRIC_REPRESENTATION_CONTEXT(2) 
PARAMETRIC_REPRESENTATION_CONTEXT() REPRESENTATION_CONTEXT('2D SPACE',''
  ) );
#487 = ORIENTED_EDGE('',*,*,#488,.T.);
#488 = EDGE_CURVE('',#456,#489,#491,.T.);
#489 = VERTEX_POINT('',#490);
#490 = CARTESIAN_POINT('',(96.4,-5.E-15,21.14));
#491 = SURFACE_CURVE('',#492,(#496,#503),.PCURVE_S1.);
#492 = LINE('',#493,#494);
#493 = CARTESIAN_POINT('',(0.4,0.,21.14));
#494 = VECTOR('',#495,1.);
#495 = DIRECTION('',(1.,0.,0.));
#496 = PCURVE('',#126,#497);
#497 = DEFINITIONAL_REPRESENTATION('',(#498),#502);
#498 = LINE('',#499,#500);
#499 = CARTESIAN_POINT('',(3.820554734078,-47.34837532953));
#500 = VECTOR('',#501,1.);
#501 = DIRECTION('',(0.,1.));
#502 = ( GEOMETRIC_REPRESENTATION_CONTEXT(2) 
PARAMETRIC_REPRESENTATION_CONTEXT() REPRESENTATION_CONTEXT('2D SPACE',''
  ) );
#503 = PCURVE('',#504,#509);
#504 = PLANE('',#505);
#505 = AXIS2_PLACEMENT_3D('',#506,#507,#508);
#506 = CARTESIAN_POINT('',(0.4,-4.69E-15,21.14));
#507 = DIRECTION('',(0.,2.2E-16,1.));
#508 = DIRECTION('',(1.,0.,0.));
#509 = DEFINITIONAL_REPRESENTATION('',(#510),#514);
#510 = LINE('',#511,#512);
#511 = CARTESIAN_POINT('',(0.,4.69E-15));
#512 = VECTOR('',#513,1.);
#513 = DIRECTION('',(1.,0.));
#514 = ( GEOMETRIC_REPRESENTATION_CONTEXT(2) 
PARAMETRIC_REPRESENTATION_CONTEXT() REPRESENTATION_CONTEXT('2D SPACE',''
  ) );
#515 = ORIENTED_EDGE('',*,*,#516,.F.);
#516 = EDGE_CURVE('',#517,#489,#519,.T.);
#517 = VERTEX_POINT('',#518);
#518 = CARTESIAN_POINT('',(98.2,-4.E-15,19.34));
#519 = SURFACE_CURVE('',#520,(#525,#536),.PCURVE_S1.);
#520 = CIRCLE('',#521,1.8);
#521 = AXIS2_PLACEMENT_3D('',#522,#523,#524);
#522 = CARTESIAN_POINT('',(96.4,0.,19.34));
#523 = DIRECTION('',(0.,-1.,0.));
#524 = DIRECTION('',(1.,0.,0.));
#525 = PCURVE('',#126,#526);
#526 = DEFINITIONAL_REPRESENTATION('',(#527),#535);
#527 = ( BOUNDED_CURVE() B_SPLINE_CURVE(2,(#528,#529,#530,#531,#532,#533
,#534),.UNSPECIFIED.,.T.,.F.) B_SPLINE_CURVE_WITH_KNOTS((1,2,2,2,2,1),(
    -2.094395102393,0.,2.094395102393,4.188790204786,6.28318530718,
8.377580409573),.UNSPECIFIED.) CURVE() GEOMETRIC_REPRESENTATION_ITEM() 
RATIONAL_B_SPLINE_CURVE((1.,0.5,1.,0.5,1.,0.5,1.)) REPRESENTATION_ITEM(
  '') );
#528 = CARTESIAN_POINT('',(2.020554734078,50.451624670469));
#529 = CARTESIAN_POINT('',(5.138246187702,50.451624670469));
#530 = CARTESIAN_POINT('',(3.57940046089,47.751624670469));
#531 = CARTESIAN_POINT('',(2.020554734078,45.051624670469));
#532 = CARTESIAN_POINT('',(0.461709007266,47.751624670469));
#533 = CARTESIAN_POINT('',(-1.097136719546,50.451624670469));
#534 = CARTESIAN_POINT('',(2.020554734078,50.451624670469));
#535 = ( GEOMETRIC_REPRESENTATION_CONTEXT(2) 
PARAMETRIC_REPRESENTATION_CONTEXT() REPRESENTATION_CONTEXT('2D SPACE',''
  ) );
#536 = PCURVE('',#537,#542);
#537 = CYLINDRICAL_SURFACE('',#538,1.8);
#538 = AXIS2_PLACEMENT_3D('',#539,#540,#541);
#539 = CARTESIAN_POINT('',(96.4,-4.29E-15,19.34));
#540 = DIRECTION('',(0.,1.,2.2E-16));
#541 = DIRECTION('',(1.,0.,0.));
#542 = DEFINITIONAL_REPRESENTATION('',(#543),#547);
#543 = LINE('',#544,#545);
#544 = CARTESIAN_POINT('',(-0.,0.));
#545 = VECTOR('',#546,1.);
#546 = DIRECTION('',(-1.,0.));
#547 = ( GEOMETRIC_REPRESENTATION_CONTEXT(2) 
PARAMETRIC_REPRESENTATION_CONTEXT() REPRESENTATION_CONTEXT('2D SPACE',''
  ) );
#548 = ORIENTED_EDGE('',*,*,#549,.T.);
#549 = EDGE_CURVE('',#517,#550,#552,.T.);
#550 = VERTEX_POINT('',#551);
#551 = CARTESIAN_POINT('',(98.2,-2.E-15,7.09));
#552 = SURFACE_CURVE('',#553,(#557,#564),.PCURVE_S1.);
#553 = LINE('',#554,#555);
#554 = CARTESIAN_POINT('',(98.2,0.,19.34));
#555 = VECTOR('',#556,1.);
#556 = DIRECTION('',(0.,0.,-1.));
#557 = PCURVE('',#126,#558);
#558 = DEFINITIONAL_REPRESENTATION('',(#559),#563);
#559 = LINE('',#560,#561);
#560 = CARTESIAN_POINT('',(2.020554734078,50.451624670469));
#561 = VECTOR('',#562,1.);
#562 = DIRECTION('',(-1.,0.));
#563 = ( GEOMETRIC_REPRESENTATION_CONTEXT(2) 
PARAMETRIC_REPRESENTATION_CONTEXT() REPRESENTATION_CONTEXT('2D SPACE',''
  ) );
#564 = PCURVE('',#565,#570);
#565 = PLANE('',#566);
#566 = AXIS2_PLACEMENT_3D('',#567,#568,#569);
#567 = CARTESIAN_POINT('',(98.2,-4.29E-15,19.34));
#568 = DIRECTION('',(1.,0.,0.));
#569 = DIRECTION('',(0.,2.2E-16,-1.));
#570 = DEFINITIONAL_REPRESENTATION('',(#571),#575);
#571 = LINE('',#572,#573);
#572 = CARTESIAN_POINT('',(9.438E-31,4.29E-15));
#573 = VECTOR('',#574,1.);
#574 = DIRECTION('',(1.,-2.2E-16));
#575 = ( GEOMETRIC_REPRESENTATION_CONTEXT(2) 
PARAMETRIC_REPRESENTATION_CONTEXT() REPRESENTATION_CONTEXT('2D SPACE',''
  ) );
#576 = ORIENTED_EDGE('',*,*,#577,.F.);
#577 = EDGE_CURVE('',#578,#550,#580,.T.);
#578 = VERTEX_POINT('',#579);
#579 = CARTESIAN_POINT('',(96.4,-1.E-15,5.29));
#580 = SURFACE_CURVE('',#581,(#586,#597),.PCURVE_S1.);
#581 = CIRCLE('',#582,1.8);
#582 = AXIS2_PLACEMENT_3D('',#583,#584,#585);
#583 = CARTESIAN_POINT('',(96.4,0.,7.09));
#584 = DIRECTION('',(0.,-1.,0.));
#585 = DIRECTION('',(1.,0.,0.));
#586 = PCURVE('',#126,#587);
#587 = DEFINITIONAL_REPRESENTATION('',(#588),#596);
#588 = ( BOUNDED_CURVE() B_SPLINE_CURVE(2,(#589,#590,#591,#592,#593,#594
,#595),.UNSPECIFIED.,.T.,.F.) B_SPLINE_CURVE_WITH_KNOTS((1,2,2,2,2,1),(
    -2.094395102393,0.,2.094395102393,4.188790204786,6.28318530718,
8.377580409573),.UNSPECIFIED.) CURVE() GEOMETRIC_REPRESENTATION_ITEM() 
RATIONAL_B_SPLINE_CURVE((1.,0.5,1.,0.5,1.,0.5,1.)) REPRESENTATION_ITEM(
  '') );
#589 = CARTESIAN_POINT('',(-10.22944526592,50.451624670469));
#590 = CARTESIAN_POINT('',(-7.111753812298,50.451624670469));
#591 = CARTESIAN_POINT('',(-8.67059953911,47.751624670469));
#592 = CARTESIAN_POINT('',(-10.22944526592,45.051624670469));
#593 = CARTESIAN_POINT('',(-11.78829099273,47.751624670469));
#594 = CARTESIAN_POINT('',(-13.34713671954,50.451624670469));
#595 = CARTESIAN_POINT('',(-10.22944526592,50.451624670469));
#596 = ( GEOMETRIC_REPRESENTATION_CONTEXT(2) 
PARAMETRIC_REPRESENTATION_CONTEXT() REPRESENTATION_CONTEXT('2D SPACE',''
  ) );
#597 = PCURVE('',#598,#603);
#598 = CYLINDRICAL_SURFACE('',#599,1.8);
#599 = AXIS2_PLACEMENT_3D('',#600,#601,#602);
#600 = CARTESIAN_POINT('',(96.4,-1.57E-15,7.09));
#601 = DIRECTION('',(0.,1.,2.2E-16));
#602 = DIRECTION('',(1.,0.,0.));
#603 = DEFINITIONAL_REPRESENTATION('',(#604),#608);
#604 = LINE('',#605,#606);
#605 = CARTESIAN_POINT('',(-0.,0.));
#606 = VECTOR('',#607,1.);
#607 = DIRECTION('',(-1.,0.));
#608 = ( GEOMETRIC_REPRESENTATION_CONTEXT(2) 
PARAMETRIC_REPRESENTATION_CONTEXT() REPRESENTATION_CONTEXT('2D SPACE',''
  ) );
#609 = ORIENTED_EDGE('',*,*,#610,.T.);
#610 = EDGE_CURVE('',#578,#611,#613,.T.);
#611 = VERTEX_POINT('',#612);
#612 = CARTESIAN_POINT('',(90.4,-1.E-15,5.29));
#613 = SURFACE_CURVE('',#614,(#618,#625),.PCURVE_S1.);
#614 = LINE('',#615,#616);
#615 = CARTESIAN_POINT('',(96.4,0.,5.29));
#616 = VECTOR('',#617,1.);
#617 = DIRECTION('',(-1.,0.,0.));
#618 = PCURVE('',#126,#619);
#619 = DEFINITIONAL_REPRESENTATION('',(#620),#624);
#620 = LINE('',#621,#622);
#621 = CARTESIAN_POINT('',(-12.02944526592,48.651624670469));
#622 = VECTOR('',#623,1.);
#623 = DIRECTION('',(0.,-1.));
#624 = ( GEOMETRIC_REPRESENTATION_CONTEXT(2) 
PARAMETRIC_REPRESENTATION_CONTEXT() REPRESENTATION_CONTEXT('2D SPACE',''
  ) );
#625 = PCURVE('',#626,#631);
#626 = PLANE('',#627);
#627 = AXIS2_PLACEMENT_3D('',#628,#629,#630);
#628 = CARTESIAN_POINT('',(96.4,-1.17E-15,5.29));
#629 = DIRECTION('',(0.,-2.2E-16,-1.));
#630 = DIRECTION('',(-1.,0.,0.));
#631 = DEFINITIONAL_REPRESENTATION('',(#632),#636);
#632 = LINE('',#633,#634);
#633 = CARTESIAN_POINT('',(0.,1.17E-15));
#634 = VECTOR('',#635,1.);
#635 = DIRECTION('',(1.,0.));
#636 = ( GEOMETRIC_REPRESENTATION_CONTEXT(2) 
PARAMETRIC_REPRESENTATION_CONTEXT() REPRESENTATION_CONTEXT('2D SPACE',''
  ) );
#637 = ORIENTED_EDGE('',*,*,#638,.T.);
#638 = EDGE_CURVE('',#611,#639,#641,.T.);
#639 = VERTEX_POINT('',#640);
#640 = CARTESIAN_POINT('',(90.4,-1.E-15,6.29));
#641 = SURFACE_CURVE('',#642,(#646,#653),.PCURVE_S1.);
#642 = LINE('',#643,#644);
#643 = CARTESIAN_POINT('',(90.4,0.,5.29));
#644 = VECTOR('',#645,1.);
#645 = DIRECTION('',(0.,0.,1.));
#646 = PCURVE('',#126,#647);
#647 = DEFINITIONAL_REPRESENTATION('',(#648),#652);
#648 = LINE('',#649,#650);
#649 = CARTESIAN_POINT('',(-12.02944526592,42.651624670469));
#650 = VECTOR('',#651,1.);
#651 = DIRECTION('',(1.,0.));
#652 = ( GEOMETRIC_REPRESENTATION_CONTEXT(2) 
PARAMETRIC_REPRESENTATION_CONTEXT() REPRESENTATION_CONTEXT('2D SPACE',''
  ) );
#653 = PCURVE('',#654,#659);
#654 = PLANE('',#655);
#655 = AXIS2_PLACEMENT_3D('',#656,#657,#658);
#656 = CARTESIAN_POINT('',(90.4,-1.17E-15,5.29));
#657 = DIRECTION('',(-1.,0.,0.));
#658 = DIRECTION('',(0.,-2.2E-16,1.));
#659 = DEFINITIONAL_REPRESENTATION('',(#660),#664);
#660 = LINE('',#661,#662);
#661 = CARTESIAN_POINT('',(-2.574E-31,1.17E-15));
#662 = VECTOR('',#663,1.);
#663 = DIRECTION('',(1.,2.2E-16));
#664 = ( GEOMETRIC_REPRESENTATION_CONTEXT(2) 
PARAMETRIC_REPRESENTATION_CONTEXT() REPRESENTATION_CONTEXT('2D SPACE',''
  ) );
#665 = ORIENTED_EDGE('',*,*,#666,.T.);
#666 = EDGE_CURVE('',#639,#667,#669,.T.);
#667 = VERTEX_POINT('',#668);
#668 = CARTESIAN_POINT('',(96.4,-1.E-15,6.29));
#669 = SURFACE_CURVE('',#670,(#674,#681),.PCURVE_S1.);
#670 = LINE('',#671,#672);
#671 = CARTESIAN_POINT('',(90.4,0.,6.29));
#672 = VECTOR('',#673,1.);
#673 = DIRECTION('',(1.,0.,0.));
#674 = PCURVE('',#126,#675);
#675 = DEFINITIONAL_REPRESENTATION('',(#676),#680);
#676 = LINE('',#677,#678);
#677 = CARTESIAN_POINT('',(-11.02944526592,42.651624670469));
#678 = VECTOR('',#679,1.);
#679 = DIRECTION('',(0.,1.));
#680 = ( GEOMETRIC_REPRESENTATION_CONTEXT(2) 
PARAMETRIC_REPRESENTATION_CONTEXT() REPRESENTATION_CONTEXT('2D SPACE',''
  ) );
#681 = PCURVE('',#682,#687);
#682 = PLANE('',#683);
#683 = AXIS2_PLACEMENT_3D('',#684,#685,#686);
#684 = CARTESIAN_POINT('',(90.4,-1.4E-15,6.29));
#685 = DIRECTION('',(0.,2.2E-16,1.));
#686 = DIRECTION('',(1.,0.,0.));
#687 = DEFINITIONAL_REPRESENTATION('',(#688),#692);
#688 = LINE('',#689,#690);
#689 = CARTESIAN_POINT('',(0.,1.4E-15));
#690 = VECTOR('',#691,1.);
#691 = DIRECTION('',(1.,0.));
#692 = ( GEOMETRIC_REPRESENTATION_CONTEXT(2) 
PARAMETRIC_REPRESENTATION_CONTEXT() REPRESENTATION_CONTEXT('2D SPACE',''
  ) );
#693 = ORIENTED_EDGE('',*,*,#694,.T.);
#694 = EDGE_CURVE('',#667,#695,#697,.T.);
#695 = VERTEX_POINT('',#696);
#696 = CARTESIAN_POINT('',(97.2,-2.E-15,7.09));
#697 = SURFACE_CURVE('',#698,(#703,#714),.PCURVE_S1.);
#698 = CIRCLE('',#699,0.8);
#699 = AXIS2_PLACEMENT_3D('',#700,#701,#702);
#700 = CARTESIAN_POINT('',(96.4,0.,7.09));
#701 = DIRECTION('',(0.,-1.,0.));
#702 = DIRECTION('',(1.,0.,0.));
#703 = PCURVE('',#126,#704);
#704 = DEFINITIONAL_REPRESENTATION('',(#705),#713);
#705 = ( BOUNDED_CURVE() B_SPLINE_CURVE(2,(#706,#707,#708,#709,#710,#711
,#712),.UNSPECIFIED.,.T.,.F.) B_SPLINE_CURVE_WITH_KNOTS((1,2,2,2,2,1),(
    -2.094395102393,0.,2.094395102393,4.188790204786,6.28318530718,
8.377580409573),.UNSPECIFIED.) CURVE() GEOMETRIC_REPRESENTATION_ITEM() 
RATIONAL_B_SPLINE_CURVE((1.,0.5,1.,0.5,1.,0.5,1.)) REPRESENTATION_ITEM(
  '') );
#706 = CARTESIAN_POINT('',(-10.22944526592,49.451624670469));
#707 = CARTESIAN_POINT('',(-8.843804619867,49.451624670469));
#708 = CARTESIAN_POINT('',(-9.536624942894,48.251624670469));
#709 = CARTESIAN_POINT('',(-10.22944526592,47.051624670469));
#710 = CARTESIAN_POINT('',(-10.92226558895,48.251624670469));
#711 = CARTESIAN_POINT('',(-11.61508591197,49.451624670469));
#712 = CARTESIAN_POINT('',(-10.22944526592,49.451624670469));
#713 = ( GEOMETRIC_REPRESENTATION_CONTEXT(2) 
PARAMETRIC_REPRESENTATION_CONTEXT() REPRESENTATION_CONTEXT('2D SPACE',''
  ) );
#714 = PCURVE('',#715,#720);
#715 = CYLINDRICAL_SURFACE('',#716,0.8);
#716 = AXIS2_PLACEMENT_3D('',#717,#718,#719);
#717 = CARTESIAN_POINT('',(96.4,-1.57E-15,7.09));
#718 = DIRECTION('',(0.,1.,2.2E-16));
#719 = DIRECTION('',(1.,0.,0.));
#720 = DEFINITIONAL_REPRESENTATION('',(#721),#725);
#721 = LINE('',#722,#723);
#722 = CARTESIAN_POINT('',(-0.,0.));
#723 = VECTOR('',#724,1.);
#724 = DIRECTION('',(-1.,0.));
#725 = ( GEOMETRIC_REPRESENTATION_CONTEXT(2) 
PARAMETRIC_REPRESENTATION_CONTEXT() REPRESENTATION_CONTEXT('2D SPACE',''
  ) );
#726 = ORIENTED_EDGE('',*,*,#727,.T.);
#727 = EDGE_CURVE('',#695,#728,#730,.T.);
#728 = VERTEX_POINT('',#729);
#729 = CARTESIAN_POINT('',(97.2,-4.E-15,19.34));
#730 = SURFACE_CURVE('',#731,(#735,#742),.PCURVE_S1.);
#731 = LINE('',#732,#733);
#732 = CARTESIAN_POINT('',(97.2,0.,7.09));
#733 = VECTOR('',#734,1.);
#734 = DIRECTION('',(0.,0.,1.));
#735 = PCURVE('',#126,#736);
#736 = DEFINITIONAL_REPRESENTATION('',(#737),#741);
#737 = LINE('',#738,#739);
#738 = CARTESIAN_POINT('',(-10.22944526592,49.451624670469));
#739 = VECTOR('',#740,1.);
#740 = DIRECTION('',(1.,0.));
#741 = ( GEOMETRIC_REPRESENTATION_CONTEXT(2) 
PARAMETRIC_REPRESENTATION_CONTEXT() REPRESENTATION_CONTEXT('2D SPACE',''
  ) );
#742 = PCURVE('',#743,#748);
#743 = PLANE('',#744);
#744 = AXIS2_PLACEMENT_3D('',#745,#746,#747);
#745 = CARTESIAN_POINT('',(97.2,-1.57E-15,7.09));
#746 = DIRECTION('',(-1.,0.,0.));
#747 = DIRECTION('',(0.,-2.2E-16,1.));
#748 = DEFINITIONAL_REPRESENTATION('',(#749),#753);
#749 = LINE('',#750,#751);
#750 = CARTESIAN_POINT('',(-3.454E-31,1.57E-15));
#751 = VECTOR('',#752,1.);
#752 = DIRECTION('',(1.,2.2E-16));
#753 = ( GEOMETRIC_REPRESENTATION_CONTEXT(2) 
PARAMETRIC_REPRESENTATION_CONTEXT() REPRESENTATION_CONTEXT('2D SPACE',''
  ) );
#754 = ORIENTED_EDGE('',*,*,#755,.T.);
#755 = EDGE_CURVE('',#728,#756,#758,.T.);
#756 = VERTEX_POINT('',#757);
#757 = CARTESIAN_POINT('',(96.4,-4.E-15,20.14));
#758 = SURFACE_CURVE('',#759,(#764,#775),.PCURVE_S1.);
#759 = CIRCLE('',#760,0.8);
#760 = AXIS2_PLACEMENT_3D('',#761,#762,#763);
#761 = CARTESIAN_POINT('',(96.4,0.,19.34));
#762 = DIRECTION('',(0.,-1.,0.));
#763 = DIRECTION('',(1.,0.,0.));
#764 = PCURVE('',#126,#765);
#765 = DEFINITIONAL_REPRESENTATION('',(#766),#774);
#766 = ( BOUNDED_CURVE() B_SPLINE_CURVE(2,(#767,#768,#769,#770,#771,#772
,#773),.UNSPECIFIED.,.T.,.F.) B_SPLINE_CURVE_WITH_KNOTS((1,2,2,2,2,1),(
    -2.094395102393,0.,2.094395102393,4.188790204786,6.28318530718,
8.377580409573),.UNSPECIFIED.) CURVE() GEOMETRIC_REPRESENTATION_ITEM() 
RATIONAL_B_SPLINE_CURVE((1.,0.5,1.,0.5,1.,0.5,1.)) REPRESENTATION_ITEM(
  '') );
#767 = CARTESIAN_POINT('',(2.020554734078,49.451624670469));
#768 = CARTESIAN_POINT('',(3.406195380133,49.451624670469));
#769 = CARTESIAN_POINT('',(2.713375057106,48.251624670469));
#770 = CARTESIAN_POINT('',(2.020554734078,47.051624670469));
#771 = CARTESIAN_POINT('',(1.32773441105,48.251624670469));
#772 = CARTESIAN_POINT('',(0.634914088023,49.451624670469));
#773 = CARTESIAN_POINT('',(2.020554734078,49.451624670469));
#774 = ( GEOMETRIC_REPRESENTATION_CONTEXT(2) 
PARAMETRIC_REPRESENTATION_CONTEXT() REPRESENTATION_CONTEXT('2D SPACE',''
  ) );
#775 = PCURVE('',#776,#781);
#776 = CYLINDRICAL_SURFACE('',#777,0.8);
#777 = AXIS2_PLACEMENT_3D('',#778,#779,#780);
#778 = CARTESIAN_POINT('',(96.4,-4.29E-15,19.34));
#779 = DIRECTION('',(0.,1.,2.2E-16));
#780 = DIRECTION('',(1.,0.,0.));
#781 = DEFINITIONAL_REPRESENTATION('',(#782),#786);
#782 = LINE('',#783,#784);
#783 = CARTESIAN_POINT('',(-0.,0.));
#784 = VECTOR('',#785,1.);
#785 = DIRECTION('',(-1.,0.));
#786 = ( GEOMETRIC_REPRESENTATION_CONTEXT(2) 
PARAMETRIC_REPRESENTATION_CONTEXT() REPRESENTATION_CONTEXT('2D SPACE',''
  ) );
#787 = ORIENTED_EDGE('',*,*,#788,.T.);
#788 = EDGE_CURVE('',#756,#789,#791,.T.);
#789 = VERTEX_POINT('',#790);
#790 = CARTESIAN_POINT('',(0.4,-4.E-15,20.14));
#791 = SURFACE_CURVE('',#792,(#796,#803),.PCURVE_S1.);
#792 = LINE('',#793,#794);
#793 = CARTESIAN_POINT('',(96.4,0.,20.14));
#794 = VECTOR('',#795,1.);
#795 = DIRECTION('',(-1.,0.,0.));
#796 = PCURVE('',#126,#797);
#797 = DEFINITIONAL_REPRESENTATION('',(#798),#802);
#798 = LINE('',#799,#800);
#799 = CARTESIAN_POINT('',(2.820554734078,48.651624670469));
#800 = VECTOR('',#801,1.);
#801 = DIRECTION('',(0.,-1.));
#802 = ( GEOMETRIC_REPRESENTATION_CONTEXT(2) 
PARAMETRIC_REPRESENTATION_CONTEXT() REPRESENTATION_CONTEXT('2D SPACE',''
  ) );
#803 = PCURVE('',#804,#809);
#804 = PLANE('',#805);
#805 = AXIS2_PLACEMENT_3D('',#806,#807,#808);
#806 = CARTESIAN_POINT('',(96.4,-4.47E-15,20.14));
#807 = DIRECTION('',(0.,-2.2E-16,-1.));
#808 = DIRECTION('',(-1.,0.,0.));
#809 = DEFINITIONAL_REPRESENTATION('',(#810),#814);
#810 = LINE('',#811,#812);
#811 = CARTESIAN_POINT('',(0.,4.47E-15));
#812 = VECTOR('',#813,1.);
#813 = DIRECTION('',(1.,0.));
#814 = ( GEOMETRIC_REPRESENTATION_CONTEXT(2) 
PARAMETRIC_REPRESENTATION_CONTEXT() REPRESENTATION_CONTEXT('2D SPACE',''
  ) );
#815 = ORIENTED_EDGE('',*,*,#816,.T.);
#816 = EDGE_CURVE('',#789,#817,#819,.T.);
#817 = VERTEX_POINT('',#818);
#818 = CARTESIAN_POINT('',(-0.4,-4.E-15,19.34));
#819 = SURFACE_CURVE('',#820,(#825,#836),.PCURVE_S1.);
#820 = CIRCLE('',#821,0.8);
#821 = AXIS2_PLACEMENT_3D('',#822,#823,#824);
#822 = CARTESIAN_POINT('',(0.4,0.,19.34));
#823 = DIRECTION('',(0.,-1.,0.));
#824 = DIRECTION('',(1.,0.,0.));
#825 = PCURVE('',#126,#826);
#826 = DEFINITIONAL_REPRESENTATION('',(#827),#835);
#827 = ( BOUNDED_CURVE() B_SPLINE_CURVE(2,(#828,#829,#830,#831,#832,#833
,#834),.UNSPECIFIED.,.T.,.F.) B_SPLINE_CURVE_WITH_KNOTS((1,2,2,2,2,1),(
    -2.094395102393,0.,2.094395102393,4.188790204786,6.28318530718,
8.377580409573),.UNSPECIFIED.) CURVE() GEOMETRIC_REPRESENTATION_ITEM() 
RATIONAL_B_SPLINE_CURVE((1.,0.5,1.,0.5,1.,0.5,1.)) REPRESENTATION_ITEM(
  '') );
#828 = CARTESIAN_POINT('',(2.020554734078,-46.54837532953));
#829 = CARTESIAN_POINT('',(3.406195380133,-46.54837532953));
#830 = CARTESIAN_POINT('',(2.713375057106,-47.74837532953));
#831 = CARTESIAN_POINT('',(2.020554734078,-48.94837532953));
#832 = CARTESIAN_POINT('',(1.32773441105,-47.74837532953));
#833 = CARTESIAN_POINT('',(0.634914088023,-46.54837532953));
#834 = CARTESIAN_POINT('',(2.020554734078,-46.54837532953));
#835 = ( GEOMETRIC_REPRESENTATION_CONTEXT(2) 
PARAMETRIC_REPRESENTATION_CONTEXT() REPRESENTATION_CONTEXT('2D SPACE',''
  ) );
#836 = PCURVE('',#837,#842);
#837 = CYLINDRICAL_SURFACE('',#838,0.8);
#838 = AXIS2_PLACEMENT_3D('',#839,#840,#841);
#839 = CARTESIAN_POINT('',(0.4,-4.29E-15,19.34));
#840 = DIRECTION('',(0.,1.,2.2E-16));
#841 = DIRECTION('',(1.,0.,0.));
#842 = DEFINITIONAL_REPRESENTATION('',(#843),#847);
#843 = LINE('',#844,#845);
#844 = CARTESIAN_POINT('',(-0.,0.));
#845 = VECTOR('',#846,1.);
#846 = DIRECTION('',(-1.,0.));
#847 = ( GEOMETRIC_REPRESENTATION_CONTEXT(2) 
PARAMETRIC_REPRESENTATION_CONTEXT() REPRESENTATION_CONTEXT('2D SPACE',''
  ) );
#848 = ORIENTED_EDGE('',*,*,#849,.T.);
#849 = EDGE_CURVE('',#817,#850,#852,.T.);
#850 = VERTEX_POINT('',#851);
#851 = CARTESIAN_POINT('',(-0.4,-2.E-15,7.053216408949));
#852 = SURFACE_CURVE('',#853,(#857,#864),.PCURVE_S1.);
#853 = LINE('',#854,#855);
#854 = CARTESIAN_POINT('',(-0.4,0.,19.34));
#855 = VECTOR('',#856,1.);
#856 = DIRECTION('',(0.,0.,-1.));
#857 = PCURVE('',#126,#858);
#858 = DEFINITIONAL_REPRESENTATION('',(#859),#863);
#859 = LINE('',#860,#861);
#860 = CARTESIAN_POINT('',(2.020554734078,-48.14837532953));
#861 = VECTOR('',#862,1.);
#862 = DIRECTION('',(-1.,0.));
#863 = ( GEOMETRIC_REPRESENTATION_CONTEXT(2) 
PARAMETRIC_REPRESENTATION_CONTEXT() REPRESENTATION_CONTEXT('2D SPACE',''
  ) );
#864 = PCURVE('',#865,#870);
#865 = PLANE('',#866);
#866 = AXIS2_PLACEMENT_3D('',#867,#868,#869);
#867 = CARTESIAN_POINT('',(-0.4,-4.29E-15,19.34));
#868 = DIRECTION('',(1.,0.,0.));
#869 = DIRECTION('',(0.,2.2E-16,-1.));
#870 = DEFINITIONAL_REPRESENTATION('',(#871),#875);
#871 = LINE('',#872,#873);
#872 = CARTESIAN_POINT('',(9.438E-31,4.29E-15));
#873 = VECTOR('',#874,1.);
#874 = DIRECTION('',(1.,-2.2E-16));
#875 = ( GEOMETRIC_REPRESENTATION_CONTEXT(2) 
PARAMETRIC_REPRESENTATION_CONTEXT() REPRESENTATION_CONTEXT('2D SPACE',''
  ) );
#876 = ORIENTED_EDGE('',*,*,#877,.F.);
#877 = EDGE_CURVE('',#878,#850,#880,.T.);
#878 = VERTEX_POINT('',#879);
#879 = CARTESIAN_POINT('',(-1.901132075472,-1.E-15,5.278201489663));
#880 = SURFACE_CURVE('',#881,(#886,#897),.PCURVE_S1.);
#881 = CIRCLE('',#882,1.8);
#882 = AXIS2_PLACEMENT_3D('',#883,#884,#885);
#883 = CARTESIAN_POINT('',(-2.2,0.,7.053216408949));
#884 = DIRECTION('',(0.,-1.,0.));
#885 = DIRECTION('',(1.,0.,0.));
#886 = PCURVE('',#126,#887);
#887 = DEFINITIONAL_REPRESENTATION('',(#888),#896);
#888 = ( BOUNDED_CURVE() B_SPLINE_CURVE(2,(#889,#890,#891,#892,#893,#894
,#895),.UNSPECIFIED.,.T.,.F.) B_SPLINE_CURVE_WITH_KNOTS((1,2,2,2,2,1),(
    -2.094395102393,0.,2.094395102393,4.188790204786,6.28318530718,
8.377580409573),.UNSPECIFIED.) CURVE() GEOMETRIC_REPRESENTATION_ITEM() 
RATIONAL_B_SPLINE_CURVE((1.,0.5,1.,0.5,1.,0.5,1.)) REPRESENTATION_ITEM(
  '') );
#889 = CARTESIAN_POINT('',(-10.26622885697,-48.14837532953));
#890 = CARTESIAN_POINT('',(-7.148537403349,-48.14837532953));
#891 = CARTESIAN_POINT('',(-8.707383130161,-50.84837532953));
#892 = CARTESIAN_POINT('',(-10.26622885697,-53.54837532953));
#893 = CARTESIAN_POINT('',(-11.82507458378,-50.84837532953));
#894 = CARTESIAN_POINT('',(-13.38392031059,-48.14837532953));
#895 = CARTESIAN_POINT('',(-10.26622885697,-48.14837532953));
#896 = ( GEOMETRIC_REPRESENTATION_CONTEXT(2) 
PARAMETRIC_REPRESENTATION_CONTEXT() REPRESENTATION_CONTEXT('2D SPACE',''
  ) );
#897 = PCURVE('',#898,#903);
#898 = CYLINDRICAL_SURFACE('',#899,1.8);
#899 = AXIS2_PLACEMENT_3D('',#900,#901,#902);
#900 = CARTESIAN_POINT('',(-2.2,-1.57E-15,7.053216408949));
#901 = DIRECTION('',(0.,1.,2.2E-16));
#902 = DIRECTION('',(1.,0.,0.));
#903 = DEFINITIONAL_REPRESENTATION('',(#904),#908);
#904 = LINE('',#905,#906);
#905 = CARTESIAN_POINT('',(-0.,0.));
#906 = VECTOR('',#907,1.);
#907 = DIRECTION('',(-1.,0.));
#908 = ( GEOMETRIC_REPRESENTATION_CONTEXT(2) 
PARAMETRIC_REPRESENTATION_CONTEXT() REPRESENTATION_CONTEXT('2D SPACE',''
  ) );
#909 = ORIENTED_EDGE('',*,*,#910,.T.);
#910 = EDGE_CURVE('',#878,#171,#911,.T.);
#911 = SURFACE_CURVE('',#912,(#917,#928),.PCURVE_S1.);
#912 = CIRCLE('',#913,0.85);
#913 = AXIS2_PLACEMENT_3D('',#914,#915,#916);
#914 = CARTESIAN_POINT('',(-1.76,0.,4.44));
#915 = DIRECTION('',(0.,-1.,0.));
#916 = DIRECTION('',(1.,0.,0.));
#917 = PCURVE('',#126,#918);
#918 = DEFINITIONAL_REPRESENTATION('',(#919),#927);
#919 = ( BOUNDED_CURVE() B_SPLINE_CURVE(2,(#920,#921,#922,#923,#924,#925
,#926),.UNSPECIFIED.,.T.,.F.) B_SPLINE_CURVE_WITH_KNOTS((1,2,2,2,2,1),(
    -2.094395102393,0.,2.094395102393,4.188790204786,6.28318530718,
8.377580409573),.UNSPECIFIED.) CURVE() GEOMETRIC_REPRESENTATION_ITEM() 
RATIONAL_B_SPLINE_CURVE((1.,0.5,1.,0.5,1.,0.5,1.)) REPRESENTATION_ITEM(
  '') );
#920 = CARTESIAN_POINT('',(-12.87944526592,-48.65837532953));
#921 = CARTESIAN_POINT('',(-11.40720207948,-48.65837532953));
#922 = CARTESIAN_POINT('',(-12.1433236727,-49.93337532953));
#923 = CARTESIAN_POINT('',(-12.87944526592,-51.20837532953));
#924 = CARTESIAN_POINT('',(-13.61556685913,-49.93337532953));
#925 = CARTESIAN_POINT('',(-14.35168845235,-48.65837532953));
#926 = CARTESIAN_POINT('',(-12.87944526592,-48.65837532953));
#927 = ( GEOMETRIC_REPRESENTATION_CONTEXT(2) 
PARAMETRIC_REPRESENTATION_CONTEXT() REPRESENTATION_CONTEXT('2D SPACE',''
  ) );
#928 = PCURVE('',#186,#929);
#929 = DEFINITIONAL_REPRESENTATION('',(#930),#934);
#930 = LINE('',#931,#932);
#931 = CARTESIAN_POINT('',(-0.,0.));
#932 = VECTOR('',#933,1.);
#933 = DIRECTION('',(-1.,0.));
#934 = ( GEOMETRIC_REPRESENTATION_CONTEXT(2) 
PARAMETRIC_REPRESENTATION_CONTEXT() REPRESENTATION_CONTEXT('2D SPACE',''
  ) );
#935 = ORIENTED_EDGE('',*,*,#198,.F.);
#936 = ADVANCED_FACE('',(#937),#72,.F.);
#937 = FACE_BOUND('',#938,.F.);
#938 = EDGE_LOOP('',(#939,#940,#941,#964,#992,#1020,#1048,#1071,#1099,
    #1122,#1150,#1173,#1201,#1224,#1247,#1270,#1298,#1321,#1349,#1372,
    #1400,#1423,#1451,#1477));
#939 = ORIENTED_EDGE('',*,*,#56,.T.);
#940 = ORIENTED_EDGE('',*,*,#228,.T.);
#941 = ORIENTED_EDGE('',*,*,#942,.T.);
#942 = EDGE_CURVE('',#229,#943,#945,.T.);
#943 = VERTEX_POINT('',#944);
#944 = CARTESIAN_POINT('',(-1.4,-87.,1.826783591051));
#945 = SURFACE_CURVE('',#946,(#950,#957),.PCURVE_S1.);
#946 = LINE('',#947,#948);
#947 = CARTESIAN_POINT('',(-1.4,-87.,1.9E-14));
#948 = VECTOR('',#949,1.);
#949 = DIRECTION('',(0.,0.,1.));
#950 = PCURVE('',#72,#951);
#951 = DEFINITIONAL_REPRESENTATION('',(#952),#956);
#952 = LINE('',#953,#954);
#953 = CARTESIAN_POINT('',(-17.31944526592,-49.14837532953));
#954 = VECTOR('',#955,1.);
#955 = DIRECTION('',(1.,0.));
#956 = ( GEOMETRIC_REPRESENTATION_CONTEXT(2) 
PARAMETRIC_REPRESENTATION_CONTEXT() REPRESENTATION_CONTEXT('2D SPACE',''
  ) );
#957 = PCURVE('',#267,#958);
#958 = DEFINITIONAL_REPRESENTATION('',(#959),#963);
#959 = LINE('',#960,#961);
#960 = CARTESIAN_POINT('',(3.814E-14,-87.));
#961 = VECTOR('',#962,1.);
#962 = DIRECTION('',(1.,2.2E-16));
#963 = ( GEOMETRIC_REPRESENTATION_CONTEXT(2) 
PARAMETRIC_REPRESENTATION_CONTEXT() REPRESENTATION_CONTEXT('2D SPACE',''
  ) );
#964 = ORIENTED_EDGE('',*,*,#965,.T.);
#965 = EDGE_CURVE('',#943,#966,#968,.T.);
#966 = VERTEX_POINT('',#967);
#967 = CARTESIAN_POINT('',(-2.067169811321,-87.,2.615679110734));
#968 = SURFACE_CURVE('',#969,(#974,#985),.PCURVE_S1.);
#969 = CIRCLE('',#970,0.8);
#970 = AXIS2_PLACEMENT_3D('',#971,#972,#973);
#971 = CARTESIAN_POINT('',(-2.2,-87.,1.826783591051));
#972 = DIRECTION('',(0.,-1.,0.));
#973 = DIRECTION('',(1.,0.,0.));
#974 = PCURVE('',#72,#975);
#975 = DEFINITIONAL_REPRESENTATION('',(#976),#984);
#976 = ( BOUNDED_CURVE() B_SPLINE_CURVE(2,(#977,#978,#979,#980,#981,#982
,#983),.UNSPECIFIED.,.T.,.F.) B_SPLINE_CURVE_WITH_KNOTS((1,2,2,2,2,1),(
    -2.094395102393,0.,2.094395102393,4.188790204786,6.28318530718,
8.377580409573),.UNSPECIFIED.) CURVE() GEOMETRIC_REPRESENTATION_ITEM() 
RATIONAL_B_SPLINE_CURVE((1.,0.5,1.,0.5,1.,0.5,1.)) REPRESENTATION_ITEM(
  '') );
#977 = CARTESIAN_POINT('',(-15.49266167487,-49.14837532953));
#978 = CARTESIAN_POINT('',(-14.10702102881,-49.14837532953));
#979 = CARTESIAN_POINT('',(-14.79984135184,-50.34837532953));
#980 = CARTESIAN_POINT('',(-15.49266167487,-51.54837532953));
#981 = CARTESIAN_POINT('',(-16.18548199789,-50.34837532953));
#982 = CARTESIAN_POINT('',(-16.87830232092,-49.14837532953));
#983 = CARTESIAN_POINT('',(-15.49266167487,-49.14837532953));
#984 = ( GEOMETRIC_REPRESENTATION_CONTEXT(2) 
PARAMETRIC_REPRESENTATION_CONTEXT() REPRESENTATION_CONTEXT('2D SPACE',''
  ) );
#985 = PCURVE('',#349,#986);
#986 = DEFINITIONAL_REPRESENTATION('',(#987),#991);
#987 = LINE('',#988,#989);
#988 = CARTESIAN_POINT('',(-0.,-87.));
#989 = VECTOR('',#990,1.);
#990 = DIRECTION('',(-1.,0.));
#991 = ( GEOMETRIC_REPRESENTATION_CONTEXT(2) 
PARAMETRIC_REPRESENTATION_CONTEXT() REPRESENTATION_CONTEXT('2D SPACE',''
  ) );
#992 = ORIENTED_EDGE('',*,*,#993,.F.);
#993 = EDGE_CURVE('',#994,#966,#996,.T.);
#994 = VERTEX_POINT('',#995);
#995 = CARTESIAN_POINT('',(-2.067169811321,-87.,6.264320889266));
#996 = SURFACE_CURVE('',#997,(#1002,#1013),.PCURVE_S1.);
#997 = CIRCLE('',#998,1.85);
#998 = AXIS2_PLACEMENT_3D('',#999,#1000,#1001);
#999 = CARTESIAN_POINT('',(-1.76,-87.,4.44));
#1000 = DIRECTION('',(0.,-1.,0.));
#1001 = DIRECTION('',(1.,0.,0.));
#1002 = PCURVE('',#72,#1003);
#1003 = DEFINITIONAL_REPRESENTATION('',(#1004),#1012);
#1004 = ( BOUNDED_CURVE() B_SPLINE_CURVE(2,(#1005,#1006,#1007,#1008,
#1009,#1010,#1011),.UNSPECIFIED.,.T.,.F.) B_SPLINE_CURVE_WITH_KNOTS((1,2
    ,2,2,2,1),(-2.094395102393,0.,2.094395102393,4.188790204786,
6.28318530718,8.377580409573),.UNSPECIFIED.) CURVE() 
GEOMETRIC_REPRESENTATION_ITEM() RATIONAL_B_SPLINE_CURVE((1.,0.5,1.,0.5,
1.,0.5,1.)) REPRESENTATION_ITEM('') );
#1005 = CARTESIAN_POINT('',(-12.87944526592,-47.65837532953));
#1006 = CARTESIAN_POINT('',(-9.67515127192,-47.65837532953));
#1007 = CARTESIAN_POINT('',(-11.27729826892,-50.43337532953));
#1008 = CARTESIAN_POINT('',(-12.87944526592,-53.20837532953));
#1009 = CARTESIAN_POINT('',(-14.48159226292,-50.43337532953));
#1010 = CARTESIAN_POINT('',(-16.08373925992,-47.65837532953));
#1011 = CARTESIAN_POINT('',(-12.87944526592,-47.65837532953));
#1012 = ( GEOMETRIC_REPRESENTATION_CONTEXT(2) 
PARAMETRIC_REPRESENTATION_CONTEXT() REPRESENTATION_CONTEXT('2D SPACE',''
  ) );
#1013 = PCURVE('',#382,#1014);
#1014 = DEFINITIONAL_REPRESENTATION('',(#1015),#1019);
#1015 = LINE('',#1016,#1017);
#1016 = CARTESIAN_POINT('',(-0.,-87.));
#1017 = VECTOR('',#1018,1.);
#1018 = DIRECTION('',(-1.,0.));
#1019 = ( GEOMETRIC_REPRESENTATION_CONTEXT(2) 
PARAMETRIC_REPRESENTATION_CONTEXT() REPRESENTATION_CONTEXT('2D SPACE',''
  ) );
#1020 = ORIENTED_EDGE('',*,*,#1021,.T.);
#1021 = EDGE_CURVE('',#994,#1022,#1024,.T.);
#1022 = VERTEX_POINT('',#1023);
#1023 = CARTESIAN_POINT('',(-1.4,-87.,7.053216408949));
#1024 = SURFACE_CURVE('',#1025,(#1030,#1041),.PCURVE_S1.);
#1025 = CIRCLE('',#1026,0.8);
#1026 = AXIS2_PLACEMENT_3D('',#1027,#1028,#1029);
#1027 = CARTESIAN_POINT('',(-2.2,-87.,7.053216408949));
#1028 = DIRECTION('',(0.,-1.,0.));
#1029 = DIRECTION('',(1.,0.,0.));
#1030 = PCURVE('',#72,#1031);
#1031 = DEFINITIONAL_REPRESENTATION('',(#1032),#1040);
#1032 = ( BOUNDED_CURVE() B_SPLINE_CURVE(2,(#1033,#1034,#1035,#1036,
#1037,#1038,#1039),.UNSPECIFIED.,.T.,.F.) B_SPLINE_CURVE_WITH_KNOTS((1,2
    ,2,2,2,1),(-2.094395102393,0.,2.094395102393,4.188790204786,
6.28318530718,8.377580409573),.UNSPECIFIED.) CURVE() 
GEOMETRIC_REPRESENTATION_ITEM() RATIONAL_B_SPLINE_CURVE((1.,0.5,1.,0.5,
1.,0.5,1.)) REPRESENTATION_ITEM('') );
#1033 = CARTESIAN_POINT('',(-10.26622885697,-49.14837532953));
#1034 = CARTESIAN_POINT('',(-8.880588210918,-49.14837532953));
#1035 = CARTESIAN_POINT('',(-9.573408533946,-50.34837532953));
#1036 = CARTESIAN_POINT('',(-10.26622885697,-51.54837532953));
#1037 = CARTESIAN_POINT('',(-10.95904918,-50.34837532953));
#1038 = CARTESIAN_POINT('',(-11.65186950302,-49.14837532953));
#1039 = CARTESIAN_POINT('',(-10.26622885697,-49.14837532953));
#1040 = ( GEOMETRIC_REPRESENTATION_CONTEXT(2) 
PARAMETRIC_REPRESENTATION_CONTEXT() REPRESENTATION_CONTEXT('2D SPACE',''
  ) );
#1041 = PCURVE('',#415,#1042);
#1042 = DEFINITIONAL_REPRESENTATION('',(#1043),#1047);
#1043 = LINE('',#1044,#1045);
#1044 = CARTESIAN_POINT('',(-0.,-87.));
#1045 = VECTOR('',#1046,1.);
#1046 = DIRECTION('',(-1.,0.));
#1047 = ( GEOMETRIC_REPRESENTATION_CONTEXT(2) 
PARAMETRIC_REPRESENTATION_CONTEXT() REPRESENTATION_CONTEXT('2D SPACE',''
  ) );
#1048 = ORIENTED_EDGE('',*,*,#1049,.T.);
#1049 = EDGE_CURVE('',#1022,#1050,#1052,.T.);
#1050 = VERTEX_POINT('',#1051);
#1051 = CARTESIAN_POINT('',(-1.4,-87.,19.34));
#1052 = SURFACE_CURVE('',#1053,(#1057,#1064),.PCURVE_S1.);
#1053 = LINE('',#1054,#1055);
#1054 = CARTESIAN_POINT('',(-1.4,-87.,7.053216408949));
#1055 = VECTOR('',#1056,1.);
#1056 = DIRECTION('',(0.,0.,1.));
#1057 = PCURVE('',#72,#1058);
#1058 = DEFINITIONAL_REPRESENTATION('',(#1059),#1063);
#1059 = LINE('',#1060,#1061);
#1060 = CARTESIAN_POINT('',(-10.26622885697,-49.14837532953));
#1061 = VECTOR('',#1062,1.);
#1062 = DIRECTION('',(1.,0.));
#1063 = ( GEOMETRIC_REPRESENTATION_CONTEXT(2) 
PARAMETRIC_REPRESENTATION_CONTEXT() REPRESENTATION_CONTEXT('2D SPACE',''
  ) );
#1064 = PCURVE('',#443,#1065);
#1065 = DEFINITIONAL_REPRESENTATION('',(#1066),#1070);
#1066 = LINE('',#1067,#1068);
#1067 = CARTESIAN_POINT('',(3.77917468137E-14,-87.));
#1068 = VECTOR('',#1069,1.);
#1069 = DIRECTION('',(1.,2.2E-16));
#1070 = ( GEOMETRIC_REPRESENTATION_CONTEXT(2) 
PARAMETRIC_REPRESENTATION_CONTEXT() REPRESENTATION_CONTEXT('2D SPACE',''
  ) );
#1071 = ORIENTED_EDGE('',*,*,#1072,.F.);
#1072 = EDGE_CURVE('',#1073,#1050,#1075,.T.);
#1073 = VERTEX_POINT('',#1074);
#1074 = CARTESIAN_POINT('',(0.4,-87.,21.14));
#1075 = SURFACE_CURVE('',#1076,(#1081,#1092),.PCURVE_S1.);
#1076 = CIRCLE('',#1077,1.8);
#1077 = AXIS2_PLACEMENT_3D('',#1078,#1079,#1080);
#1078 = CARTESIAN_POINT('',(0.4,-87.,19.34));
#1079 = DIRECTION('',(0.,-1.,0.));
#1080 = DIRECTION('',(1.,0.,0.));
#1081 = PCURVE('',#72,#1082);
#1082 = DEFINITIONAL_REPRESENTATION('',(#1083),#1091);
#1083 = ( BOUNDED_CURVE() B_SPLINE_CURVE(2,(#1084,#1085,#1086,#1087,
#1088,#1089,#1090),.UNSPECIFIED.,.T.,.F.) B_SPLINE_CURVE_WITH_KNOTS((1,2
    ,2,2,2,1),(-2.094395102393,0.,2.094395102393,4.188790204786,
6.28318530718,8.377580409573),.UNSPECIFIED.) CURVE() 
GEOMETRIC_REPRESENTATION_ITEM() RATIONAL_B_SPLINE_CURVE((1.,0.5,1.,0.5,
1.,0.5,1.)) REPRESENTATION_ITEM('') );
#1084 = CARTESIAN_POINT('',(2.020554734078,-45.54837532953));
#1085 = CARTESIAN_POINT('',(5.138246187702,-45.54837532953));
#1086 = CARTESIAN_POINT('',(3.57940046089,-48.24837532953));
#1087 = CARTESIAN_POINT('',(2.020554734078,-50.94837532953));
#1088 = CARTESIAN_POINT('',(0.461709007266,-48.24837532953));
#1089 = CARTESIAN_POINT('',(-1.097136719546,-45.54837532953));
#1090 = CARTESIAN_POINT('',(2.020554734078,-45.54837532953));
#1091 = ( GEOMETRIC_REPRESENTATION_CONTEXT(2) 
PARAMETRIC_REPRESENTATION_CONTEXT() REPRESENTATION_CONTEXT('2D SPACE',''
  ) );
#1092 = PCURVE('',#476,#1093);
#1093 = DEFINITIONAL_REPRESENTATION('',(#1094),#1098);
#1094 = LINE('',#1095,#1096);
#1095 = CARTESIAN_POINT('',(-0.,-87.));
#1096 = VECTOR('',#1097,1.);
#1097 = DIRECTION('',(-1.,0.));
#1098 = ( GEOMETRIC_REPRESENTATION_CONTEXT(2) 
PARAMETRIC_REPRESENTATION_CONTEXT() REPRESENTATION_CONTEXT('2D SPACE',''
  ) );
#1099 = ORIENTED_EDGE('',*,*,#1100,.T.);
#1100 = EDGE_CURVE('',#1073,#1101,#1103,.T.);
#1101 = VERTEX_POINT('',#1102);
#1102 = CARTESIAN_POINT('',(96.4,-87.,21.14));
#1103 = SURFACE_CURVE('',#1104,(#1108,#1115),.PCURVE_S1.);
#1104 = LINE('',#1105,#1106);
#1105 = CARTESIAN_POINT('',(0.4,-87.,21.14));
#1106 = VECTOR('',#1107,1.);
#1107 = DIRECTION('',(1.,0.,0.));
#1108 = PCURVE('',#72,#1109);
#1109 = DEFINITIONAL_REPRESENTATION('',(#1110),#1114);
#1110 = LINE('',#1111,#1112);
#1111 = CARTESIAN_POINT('',(3.820554734078,-47.34837532953));
#1112 = VECTOR('',#1113,1.);
#1113 = DIRECTION('',(0.,1.));
#1114 = ( GEOMETRIC_REPRESENTATION_CONTEXT(2) 
PARAMETRIC_REPRESENTATION_CONTEXT() REPRESENTATION_CONTEXT('2D SPACE',''
  ) );
#1115 = PCURVE('',#504,#1116);
#1116 = DEFINITIONAL_REPRESENTATION('',(#1117),#1121);
#1117 = LINE('',#1118,#1119);
#1118 = CARTESIAN_POINT('',(0.,-87.));
#1119 = VECTOR('',#1120,1.);
#1120 = DIRECTION('',(1.,0.));
#1121 = ( GEOMETRIC_REPRESENTATION_CONTEXT(2) 
PARAMETRIC_REPRESENTATION_CONTEXT() REPRESENTATION_CONTEXT('2D SPACE',''
  ) );
#1122 = ORIENTED_EDGE('',*,*,#1123,.F.);
#1123 = EDGE_CURVE('',#1124,#1101,#1126,.T.);
#1124 = VERTEX_POINT('',#1125);
#1125 = CARTESIAN_POINT('',(98.2,-87.,19.34));
#1126 = SURFACE_CURVE('',#1127,(#1132,#1143),.PCURVE_S1.);
#1127 = CIRCLE('',#1128,1.8);
#1128 = AXIS2_PLACEMENT_3D('',#1129,#1130,#1131);
#1129 = CARTESIAN_POINT('',(96.4,-87.,19.34));
#1130 = DIRECTION('',(0.,-1.,0.));
#1131 = DIRECTION('',(1.,0.,0.));
#1132 = PCURVE('',#72,#1133);
#1133 = DEFINITIONAL_REPRESENTATION('',(#1134),#1142);
#1134 = ( BOUNDED_CURVE() B_SPLINE_CURVE(2,(#1135,#1136,#1137,#1138,
#1139,#1140,#1141),.UNSPECIFIED.,.T.,.F.) B_SPLINE_CURVE_WITH_KNOTS((1,2
    ,2,2,2,1),(-2.094395102393,0.,2.094395102393,4.188790204786,
6.28318530718,8.377580409573),.UNSPECIFIED.) CURVE() 
GEOMETRIC_REPRESENTATION_ITEM() RATIONAL_B_SPLINE_CURVE((1.,0.5,1.,0.5,
1.,0.5,1.)) REPRESENTATION_ITEM('') );
#1135 = CARTESIAN_POINT('',(2.020554734078,50.451624670469));
#1136 = CARTESIAN_POINT('',(5.138246187702,50.451624670469));
#1137 = CARTESIAN_POINT('',(3.57940046089,47.751624670469));
#1138 = CARTESIAN_POINT('',(2.020554734078,45.051624670469));
#1139 = CARTESIAN_POINT('',(0.461709007266,47.751624670469));
#1140 = CARTESIAN_POINT('',(-1.097136719546,50.451624670469));
#1141 = CARTESIAN_POINT('',(2.020554734078,50.451624670469));
#1142 = ( GEOMETRIC_REPRESENTATION_CONTEXT(2) 
PARAMETRIC_REPRESENTATION_CONTEXT() REPRESENTATION_CONTEXT('2D SPACE',''
  ) );
#1143 = PCURVE('',#537,#1144);
#1144 = DEFINITIONAL_REPRESENTATION('',(#1145),#1149);
#1145 = LINE('',#1146,#1147);
#1146 = CARTESIAN_POINT('',(-0.,-87.));
#1147 = VECTOR('',#1148,1.);
#1148 = DIRECTION('',(-1.,0.));
#1149 = ( GEOMETRIC_REPRESENTATION_CONTEXT(2) 
PARAMETRIC_REPRESENTATION_CONTEXT() REPRESENTATION_CONTEXT('2D SPACE',''
  ) );
#1150 = ORIENTED_EDGE('',*,*,#1151,.T.);
#1151 = EDGE_CURVE('',#1124,#1152,#1154,.T.);
#1152 = VERTEX_POINT('',#1153);
#1153 = CARTESIAN_POINT('',(98.2,-87.,7.09));
#1154 = SURFACE_CURVE('',#1155,(#1159,#1166),.PCURVE_S1.);
#1155 = LINE('',#1156,#1157);
#1156 = CARTESIAN_POINT('',(98.2,-87.,19.34));
#1157 = VECTOR('',#1158,1.);
#1158 = DIRECTION('',(0.,0.,-1.));
#1159 = PCURVE('',#72,#1160);
#1160 = DEFINITIONAL_REPRESENTATION('',(#1161),#1165);
#1161 = LINE('',#1162,#1163);
#1162 = CARTESIAN_POINT('',(2.020554734078,50.451624670469));
#1163 = VECTOR('',#1164,1.);
#1164 = DIRECTION('',(-1.,0.));
#1165 = ( GEOMETRIC_REPRESENTATION_CONTEXT(2) 
PARAMETRIC_REPRESENTATION_CONTEXT() REPRESENTATION_CONTEXT('2D SPACE',''
  ) );
#1166 = PCURVE('',#565,#1167);
#1167 = DEFINITIONAL_REPRESENTATION('',(#1168),#1172);
#1168 = LINE('',#1169,#1170);
#1169 = CARTESIAN_POINT('',(-3.6903568394E-14,-87.));
#1170 = VECTOR('',#1171,1.);
#1171 = DIRECTION('',(1.,-2.2E-16));
#1172 = ( GEOMETRIC_REPRESENTATION_CONTEXT(2) 
PARAMETRIC_REPRESENTATION_CONTEXT() REPRESENTATION_CONTEXT('2D SPACE',''
  ) );
#1173 = ORIENTED_EDGE('',*,*,#1174,.F.);
#1174 = EDGE_CURVE('',#1175,#1152,#1177,.T.);
#1175 = VERTEX_POINT('',#1176);
#1176 = CARTESIAN_POINT('',(96.4,-87.,5.29));
#1177 = SURFACE_CURVE('',#1178,(#1183,#1194),.PCURVE_S1.);
#1178 = CIRCLE('',#1179,1.8);
#1179 = AXIS2_PLACEMENT_3D('',#1180,#1181,#1182);
#1180 = CARTESIAN_POINT('',(96.4,-87.,7.09));
#1181 = DIRECTION('',(0.,-1.,0.));
#1182 = DIRECTION('',(1.,0.,0.));
#1183 = PCURVE('',#72,#1184);
#1184 = DEFINITIONAL_REPRESENTATION('',(#1185),#1193);
#1185 = ( BOUNDED_CURVE() B_SPLINE_CURVE(2,(#1186,#1187,#1188,#1189,
#1190,#1191,#1192),.UNSPECIFIED.,.T.,.F.) B_SPLINE_CURVE_WITH_KNOTS((1,2
    ,2,2,2,1),(-2.094395102393,0.,2.094395102393,4.188790204786,
6.28318530718,8.377580409573),.UNSPECIFIED.) CURVE() 
GEOMETRIC_REPRESENTATION_ITEM() RATIONAL_B_SPLINE_CURVE((1.,0.5,1.,0.5,
1.,0.5,1.)) REPRESENTATION_ITEM('') );
#1186 = CARTESIAN_POINT('',(-10.22944526592,50.451624670469));
#1187 = CARTESIAN_POINT('',(-7.111753812298,50.451624670469));
#1188 = CARTESIAN_POINT('',(-8.67059953911,47.751624670469));
#1189 = CARTESIAN_POINT('',(-10.22944526592,45.051624670469));
#1190 = CARTESIAN_POINT('',(-11.78829099273,47.751624670469));
#1191 = CARTESIAN_POINT('',(-13.34713671954,50.451624670469));
#1192 = CARTESIAN_POINT('',(-10.22944526592,50.451624670469));
#1193 = ( GEOMETRIC_REPRESENTATION_CONTEXT(2) 
PARAMETRIC_REPRESENTATION_CONTEXT() REPRESENTATION_CONTEXT('2D SPACE',''
  ) );
#1194 = PCURVE('',#598,#1195);
#1195 = DEFINITIONAL_REPRESENTATION('',(#1196),#1200);
#1196 = LINE('',#1197,#1198);
#1197 = CARTESIAN_POINT('',(-0.,-87.));
#1198 = VECTOR('',#1199,1.);
#1199 = DIRECTION('',(-1.,0.));
#1200 = ( GEOMETRIC_REPRESENTATION_CONTEXT(2) 
PARAMETRIC_REPRESENTATION_CONTEXT() REPRESENTATION_CONTEXT('2D SPACE',''
  ) );
#1201 = ORIENTED_EDGE('',*,*,#1202,.T.);
#1202 = EDGE_CURVE('',#1175,#1203,#1205,.T.);
#1203 = VERTEX_POINT('',#1204);
#1204 = CARTESIAN_POINT('',(90.4,-87.,5.29));
#1205 = SURFACE_CURVE('',#1206,(#1210,#1217),.PCURVE_S1.);
#1206 = LINE('',#1207,#1208);
#1207 = CARTESIAN_POINT('',(96.4,-87.,5.29));
#1208 = VECTOR('',#1209,1.);
#1209 = DIRECTION('',(-1.,0.,0.));
#1210 = PCURVE('',#72,#1211);
#1211 = DEFINITIONAL_REPRESENTATION('',(#1212),#1216);
#1212 = LINE('',#1213,#1214);
#1213 = CARTESIAN_POINT('',(-12.02944526592,48.651624670469));
#1214 = VECTOR('',#1215,1.);
#1215 = DIRECTION('',(0.,-1.));
#1216 = ( GEOMETRIC_REPRESENTATION_CONTEXT(2) 
PARAMETRIC_REPRESENTATION_CONTEXT() REPRESENTATION_CONTEXT('2D SPACE',''
  ) );
#1217 = PCURVE('',#626,#1218);
#1218 = DEFINITIONAL_REPRESENTATION('',(#1219),#1223);
#1219 = LINE('',#1220,#1221);
#1220 = CARTESIAN_POINT('',(0.,-87.));
#1221 = VECTOR('',#1222,1.);
#1222 = DIRECTION('',(1.,0.));
#1223 = ( GEOMETRIC_REPRESENTATION_CONTEXT(2) 
PARAMETRIC_REPRESENTATION_CONTEXT() REPRESENTATION_CONTEXT('2D SPACE',''
  ) );
#1224 = ORIENTED_EDGE('',*,*,#1225,.T.);
#1225 = EDGE_CURVE('',#1203,#1226,#1228,.T.);
#1226 = VERTEX_POINT('',#1227);
#1227 = CARTESIAN_POINT('',(90.4,-87.,6.29));
#1228 = SURFACE_CURVE('',#1229,(#1233,#1240),.PCURVE_S1.);
#1229 = LINE('',#1230,#1231);
#1230 = CARTESIAN_POINT('',(90.4,-87.,5.29));
#1231 = VECTOR('',#1232,1.);
#1232 = DIRECTION('',(0.,0.,1.));
#1233 = PCURVE('',#72,#1234);
#1234 = DEFINITIONAL_REPRESENTATION('',(#1235),#1239);
#1235 = LINE('',#1236,#1237);
#1236 = CARTESIAN_POINT('',(-12.02944526592,42.651624670469));
#1237 = VECTOR('',#1238,1.);
#1238 = DIRECTION('',(1.,0.));
#1239 = ( GEOMETRIC_REPRESENTATION_CONTEXT(2) 
PARAMETRIC_REPRESENTATION_CONTEXT() REPRESENTATION_CONTEXT('2D SPACE',''
  ) );
#1240 = PCURVE('',#654,#1241);
#1241 = DEFINITIONAL_REPRESENTATION('',(#1242),#1246);
#1242 = LINE('',#1243,#1244);
#1243 = CARTESIAN_POINT('',(3.77917468137E-14,-87.));
#1244 = VECTOR('',#1245,1.);
#1245 = DIRECTION('',(1.,2.2E-16));
#1246 = ( GEOMETRIC_REPRESENTATION_CONTEXT(2) 
PARAMETRIC_REPRESENTATION_CONTEXT() REPRESENTATION_CONTEXT('2D SPACE',''
  ) );
#1247 = ORIENTED_EDGE('',*,*,#1248,.T.);
#1248 = EDGE_CURVE('',#1226,#1249,#1251,.T.);
#1249 = VERTEX_POINT('',#1250);
#1250 = CARTESIAN_POINT('',(96.4,-87.,6.29));
#1251 = SURFACE_CURVE('',#1252,(#1256,#1263),.PCURVE_S1.);
#1252 = LINE('',#1253,#1254);
#1253 = CARTESIAN_POINT('',(90.4,-87.,6.29));
#1254 = VECTOR('',#1255,1.);
#1255 = DIRECTION('',(1.,0.,0.));
#1256 = PCURVE('',#72,#1257);
#1257 = DEFINITIONAL_REPRESENTATION('',(#1258),#1262);
#1258 = LINE('',#1259,#1260);
#1259 = CARTESIAN_POINT('',(-11.02944526592,42.651624670469));
#1260 = VECTOR('',#1261,1.);
#1261 = DIRECTION('',(0.,1.));
#1262 = ( GEOMETRIC_REPRESENTATION_CONTEXT(2) 
PARAMETRIC_REPRESENTATION_CONTEXT() REPRESENTATION_CONTEXT('2D SPACE',''
  ) );
#1263 = PCURVE('',#682,#1264);
#1264 = DEFINITIONAL_REPRESENTATION('',(#1265),#1269);
#1265 = LINE('',#1266,#1267);
#1266 = CARTESIAN_POINT('',(0.,-87.));
#1267 = VECTOR('',#1268,1.);
#1268 = DIRECTION('',(1.,0.));
#1269 = ( GEOMETRIC_REPRESENTATION_CONTEXT(2) 
PARAMETRIC_REPRESENTATION_CONTEXT() REPRESENTATION_CONTEXT('2D SPACE',''
  ) );
#1270 = ORIENTED_EDGE('',*,*,#1271,.T.);
#1271 = EDGE_CURVE('',#1249,#1272,#1274,.T.);
#1272 = VERTEX_POINT('',#1273);
#1273 = CARTESIAN_POINT('',(97.2,-87.,7.09));
#1274 = SURFACE_CURVE('',#1275,(#1280,#1291),.PCURVE_S1.);
#1275 = CIRCLE('',#1276,0.8);
#1276 = AXIS2_PLACEMENT_3D('',#1277,#1278,#1279);
#1277 = CARTESIAN_POINT('',(96.4,-87.,7.09));
#1278 = DIRECTION('',(0.,-1.,0.));
#1279 = DIRECTION('',(1.,0.,0.));
#1280 = PCURVE('',#72,#1281);
#1281 = DEFINITIONAL_REPRESENTATION('',(#1282),#1290);
#1282 = ( BOUNDED_CURVE() B_SPLINE_CURVE(2,(#1283,#1284,#1285,#1286,
#1287,#1288,#1289),.UNSPECIFIED.,.T.,.F.) B_SPLINE_CURVE_WITH_KNOTS((1,2
    ,2,2,2,1),(-2.094395102393,0.,2.094395102393,4.188790204786,
6.28318530718,8.377580409573),.UNSPECIFIED.) CURVE() 
GEOMETRIC_REPRESENTATION_ITEM() RATIONAL_B_SPLINE_CURVE((1.,0.5,1.,0.5,
1.,0.5,1.)) REPRESENTATION_ITEM('') );
#1283 = CARTESIAN_POINT('',(-10.22944526592,49.451624670469));
#1284 = CARTESIAN_POINT('',(-8.843804619867,49.451624670469));
#1285 = CARTESIAN_POINT('',(-9.536624942894,48.251624670469));
#1286 = CARTESIAN_POINT('',(-10.22944526592,47.051624670469));
#1287 = CARTESIAN_POINT('',(-10.92226558895,48.251624670469));
#1288 = CARTESIAN_POINT('',(-11.61508591197,49.451624670469));
#1289 = CARTESIAN_POINT('',(-10.22944526592,49.451624670469));
#1290 = ( GEOMETRIC_REPRESENTATION_CONTEXT(2) 
PARAMETRIC_REPRESENTATION_CONTEXT() REPRESENTATION_CONTEXT('2D SPACE',''
  ) );
#1291 = PCURVE('',#715,#1292);
#1292 = DEFINITIONAL_REPRESENTATION('',(#1293),#1297);
#1293 = LINE('',#1294,#1295);
#1294 = CARTESIAN_POINT('',(-0.,-87.));
#1295 = VECTOR('',#1296,1.);
#1296 = DIRECTION('',(-1.,0.));
#1297 = ( GEOMETRIC_REPRESENTATION_CONTEXT(2) 
PARAMETRIC_REPRESENTATION_CONTEXT() REPRESENTATION_CONTEXT('2D SPACE',''
  ) );
#1298 = ORIENTED_EDGE('',*,*,#1299,.T.);
#1299 = EDGE_CURVE('',#1272,#1300,#1302,.T.);
#1300 = VERTEX_POINT('',#1301);
#1301 = CARTESIAN_POINT('',(97.2,-87.,19.34));
#1302 = SURFACE_CURVE('',#1303,(#1307,#1314),.PCURVE_S1.);
#1303 = LINE('',#1304,#1305);
#1304 = CARTESIAN_POINT('',(97.2,-87.,7.09));
#1305 = VECTOR('',#1306,1.);
#1306 = DIRECTION('',(0.,0.,1.));
#1307 = PCURVE('',#72,#1308);
#1308 = DEFINITIONAL_REPRESENTATION('',(#1309),#1313);
#1309 = LINE('',#1310,#1311);
#1310 = CARTESIAN_POINT('',(-10.22944526592,49.451624670469));
#1311 = VECTOR('',#1312,1.);
#1312 = DIRECTION('',(1.,0.));
#1313 = ( GEOMETRIC_REPRESENTATION_CONTEXT(2) 
PARAMETRIC_REPRESENTATION_CONTEXT() REPRESENTATION_CONTEXT('2D SPACE',''
  ) );
#1314 = PCURVE('',#743,#1315);
#1315 = DEFINITIONAL_REPRESENTATION('',(#1316),#1320);
#1316 = LINE('',#1317,#1318);
#1317 = CARTESIAN_POINT('',(3.77917468137E-14,-87.));
#1318 = VECTOR('',#1319,1.);
#1319 = DIRECTION('',(1.,2.2E-16));
#1320 = ( GEOMETRIC_REPRESENTATION_CONTEXT(2) 
PARAMETRIC_REPRESENTATION_CONTEXT() REPRESENTATION_CONTEXT('2D SPACE',''
  ) );
#1321 = ORIENTED_EDGE('',*,*,#1322,.T.);
#1322 = EDGE_CURVE('',#1300,#1323,#1325,.T.);
#1323 = VERTEX_POINT('',#1324);
#1324 = CARTESIAN_POINT('',(96.4,-87.,20.14));
#1325 = SURFACE_CURVE('',#1326,(#1331,#1342),.PCURVE_S1.);
#1326 = CIRCLE('',#1327,0.8);
#1327 = AXIS2_PLACEMENT_3D('',#1328,#1329,#1330);
#1328 = CARTESIAN_POINT('',(96.4,-87.,19.34));
#1329 = DIRECTION('',(0.,-1.,0.));
#1330 = DIRECTION('',(1.,0.,0.));
#1331 = PCURVE('',#72,#1332);
#1332 = DEFINITIONAL_REPRESENTATION('',(#1333),#1341);
#1333 = ( BOUNDED_CURVE() B_SPLINE_CURVE(2,(#1334,#1335,#1336,#1337,
#1338,#1339,#1340),.UNSPECIFIED.,.T.,.F.) B_SPLINE_CURVE_WITH_KNOTS((1,2
    ,2,2,2,1),(-2.094395102393,0.,2.094395102393,4.188790204786,
6.28318530718,8.377580409573),.UNSPECIFIED.) CURVE() 
GEOMETRIC_REPRESENTATION_ITEM() RATIONAL_B_SPLINE_CURVE((1.,0.5,1.,0.5,
1.,0.5,1.)) REPRESENTATION_ITEM('') );
#1334 = CARTESIAN_POINT('',(2.020554734078,49.451624670469));
#1335 = CARTESIAN_POINT('',(3.406195380133,49.451624670469));
#1336 = CARTESIAN_POINT('',(2.713375057106,48.251624670469));
#1337 = CARTESIAN_POINT('',(2.020554734078,47.051624670469));
#1338 = CARTESIAN_POINT('',(1.32773441105,48.251624670469));
#1339 = CARTESIAN_POINT('',(0.634914088023,49.451624670469));
#1340 = CARTESIAN_POINT('',(2.020554734078,49.451624670469));
#1341 = ( GEOMETRIC_REPRESENTATION_CONTEXT(2) 
PARAMETRIC_REPRESENTATION_CONTEXT() REPRESENTATION_CONTEXT('2D SPACE',''
  ) );
#1342 = PCURVE('',#776,#1343);
#1343 = DEFINITIONAL_REPRESENTATION('',(#1344),#1348);
#1344 = LINE('',#1345,#1346);
#1345 = CARTESIAN_POINT('',(-0.,-87.));
#1346 = VECTOR('',#1347,1.);
#1347 = DIRECTION('',(-1.,0.));
#1348 = ( GEOMETRIC_REPRESENTATION_CONTEXT(2) 
PARAMETRIC_REPRESENTATION_CONTEXT() REPRESENTATION_CONTEXT('2D SPACE',''
  ) );
#1349 = ORIENTED_EDGE('',*,*,#1350,.T.);
#1350 = EDGE_CURVE('',#1323,#1351,#1353,.T.);
#1351 = VERTEX_POINT('',#1352);
#1352 = CARTESIAN_POINT('',(0.4,-87.,20.14));
#1353 = SURFACE_CURVE('',#1354,(#1358,#1365),.PCURVE_S1.);
#1354 = LINE('',#1355,#1356);
#1355 = CARTESIAN_POINT('',(96.4,-87.,20.14));
#1356 = VECTOR('',#1357,1.);
#1357 = DIRECTION('',(-1.,0.,0.));
#1358 = PCURVE('',#72,#1359);
#1359 = DEFINITIONAL_REPRESENTATION('',(#1360),#1364);
#1360 = LINE('',#1361,#1362);
#1361 = CARTESIAN_POINT('',(2.820554734078,48.651624670469));
#1362 = VECTOR('',#1363,1.);
#1363 = DIRECTION('',(0.,-1.));
#1364 = ( GEOMETRIC_REPRESENTATION_CONTEXT(2) 
PARAMETRIC_REPRESENTATION_CONTEXT() REPRESENTATION_CONTEXT('2D SPACE',''
  ) );
#1365 = PCURVE('',#804,#1366);
#1366 = DEFINITIONAL_REPRESENTATION('',(#1367),#1371);
#1367 = LINE('',#1368,#1369);
#1368 = CARTESIAN_POINT('',(0.,-87.));
#1369 = VECTOR('',#1370,1.);
#1370 = DIRECTION('',(1.,0.));
#1371 = ( GEOMETRIC_REPRESENTATION_CONTEXT(2) 
PARAMETRIC_REPRESENTATION_CONTEXT() REPRESENTATION_CONTEXT('2D SPACE',''
  ) );
#1372 = ORIENTED_EDGE('',*,*,#1373,.T.);
#1373 = EDGE_CURVE('',#1351,#1374,#1376,.T.);
#1374 = VERTEX_POINT('',#1375);
#1375 = CARTESIAN_POINT('',(-0.4,-87.,19.34));
#1376 = SURFACE_CURVE('',#1377,(#1382,#1393),.PCURVE_S1.);
#1377 = CIRCLE('',#1378,0.8);
#1378 = AXIS2_PLACEMENT_3D('',#1379,#1380,#1381);
#1379 = CARTESIAN_POINT('',(0.4,-87.,19.34));
#1380 = DIRECTION('',(0.,-1.,0.));
#1381 = DIRECTION('',(1.,0.,0.));
#1382 = PCURVE('',#72,#1383);
#1383 = DEFINITIONAL_REPRESENTATION('',(#1384),#1392);
#1384 = ( BOUNDED_CURVE() B_SPLINE_CURVE(2,(#1385,#1386,#1387,#1388,
#1389,#1390,#1391),.UNSPECIFIED.,.T.,.F.) B_SPLINE_CURVE_WITH_KNOTS((1,2
    ,2,2,2,1),(-2.094395102393,0.,2.094395102393,4.188790204786,
6.28318530718,8.377580409573),.UNSPECIFIED.) CURVE() 
GEOMETRIC_REPRESENTATION_ITEM() RATIONAL_B_SPLINE_CURVE((1.,0.5,1.,0.5,
1.,0.5,1.)) REPRESENTATION_ITEM('') );
#1385 = CARTESIAN_POINT('',(2.020554734078,-46.54837532953));
#1386 = CARTESIAN_POINT('',(3.406195380133,-46.54837532953));
#1387 = CARTESIAN_POINT('',(2.713375057106,-47.74837532953));
#1388 = CARTESIAN_POINT('',(2.020554734078,-48.94837532953));
#1389 = CARTESIAN_POINT('',(1.32773441105,-47.74837532953));
#1390 = CARTESIAN_POINT('',(0.634914088023,-46.54837532953));
#1391 = CARTESIAN_POINT('',(2.020554734078,-46.54837532953));
#1392 = ( GEOMETRIC_REPRESENTATION_CONTEXT(2) 
PARAMETRIC_REPRESENTATION_CONTEXT() REPRESENTATION_CONTEXT('2D SPACE',''
  ) );
#1393 = PCURVE('',#837,#1394);
#1394 = DEFINITIONAL_REPRESENTATION('',(#1395),#1399);
#1395 = LINE('',#1396,#1397);
#1396 = CARTESIAN_POINT('',(-0.,-87.));
#1397 = VECTOR('',#1398,1.);
#1398 = DIRECTION('',(-1.,0.));
#1399 = ( GEOMETRIC_REPRESENTATION_CONTEXT(2) 
PARAMETRIC_REPRESENTATION_CONTEXT() REPRESENTATION_CONTEXT('2D SPACE',''
  ) );
#1400 = ORIENTED_EDGE('',*,*,#1401,.T.);
#1401 = EDGE_CURVE('',#1374,#1402,#1404,.T.);
#1402 = VERTEX_POINT('',#1403);
#1403 = CARTESIAN_POINT('',(-0.4,-87.,7.053216408949));
#1404 = SURFACE_CURVE('',#1405,(#1409,#1416),.PCURVE_S1.);
#1405 = LINE('',#1406,#1407);
#1406 = CARTESIAN_POINT('',(-0.4,-87.,19.34));
#1407 = VECTOR('',#1408,1.);
#1408 = DIRECTION('',(0.,0.,-1.));
#1409 = PCURVE('',#72,#1410);
#1410 = DEFINITIONAL_REPRESENTATION('',(#1411),#1415);
#1411 = LINE('',#1412,#1413);
#1412 = CARTESIAN_POINT('',(2.020554734078,-48.14837532953));
#1413 = VECTOR('',#1414,1.);
#1414 = DIRECTION('',(-1.,0.));
#1415 = ( GEOMETRIC_REPRESENTATION_CONTEXT(2) 
PARAMETRIC_REPRESENTATION_CONTEXT() REPRESENTATION_CONTEXT('2D SPACE',''
  ) );
#1416 = PCURVE('',#865,#1417);
#1417 = DEFINITIONAL_REPRESENTATION('',(#1418),#1422);
#1418 = LINE('',#1419,#1420);
#1419 = CARTESIAN_POINT('',(-3.6903568394E-14,-87.));
#1420 = VECTOR('',#1421,1.);
#1421 = DIRECTION('',(1.,-2.2E-16));
#1422 = ( GEOMETRIC_REPRESENTATION_CONTEXT(2) 
PARAMETRIC_REPRESENTATION_CONTEXT() REPRESENTATION_CONTEXT('2D SPACE',''
  ) );
#1423 = ORIENTED_EDGE('',*,*,#1424,.F.);
#1424 = EDGE_CURVE('',#1425,#1402,#1427,.T.);
#1425 = VERTEX_POINT('',#1426);
#1426 = CARTESIAN_POINT('',(-1.901132075472,-87.,5.278201489663));
#1427 = SURFACE_CURVE('',#1428,(#1433,#1444),.PCURVE_S1.);
#1428 = CIRCLE('',#1429,1.8);
#1429 = AXIS2_PLACEMENT_3D('',#1430,#1431,#1432);
#1430 = CARTESIAN_POINT('',(-2.2,-87.,7.053216408949));
#1431 = DIRECTION('',(0.,-1.,0.));
#1432 = DIRECTION('',(1.,0.,0.));
#1433 = PCURVE('',#72,#1434);
#1434 = DEFINITIONAL_REPRESENTATION('',(#1435),#1443);
#1435 = ( BOUNDED_CURVE() B_SPLINE_CURVE(2,(#1436,#1437,#1438,#1439,
#1440,#1441,#1442),.UNSPECIFIED.,.T.,.F.) B_SPLINE_CURVE_WITH_KNOTS((1,2
    ,2,2,2,1),(-2.094395102393,0.,2.094395102393,4.188790204786,
6.28318530718,8.377580409573),.UNSPECIFIED.) CURVE() 
GEOMETRIC_REPRESENTATION_ITEM() RATIONAL_B_SPLINE_CURVE((1.,0.5,1.,0.5,
1.,0.5,1.)) REPRESENTATION_ITEM('') );
#1436 = CARTESIAN_POINT('',(-10.26622885697,-48.14837532953));
#1437 = CARTESIAN_POINT('',(-7.148537403349,-48.14837532953));
#1438 = CARTESIAN_POINT('',(-8.707383130161,-50.84837532953));
#1439 = CARTESIAN_POINT('',(-10.26622885697,-53.54837532953));
#1440 = CARTESIAN_POINT('',(-11.82507458378,-50.84837532953));
#1441 = CARTESIAN_POINT('',(-13.38392031059,-48.14837532953));
#1442 = CARTESIAN_POINT('',(-10.26622885697,-48.14837532953));
#1443 = ( GEOMETRIC_REPRESENTATION_CONTEXT(2) 
PARAMETRIC_REPRESENTATION_CONTEXT() REPRESENTATION_CONTEXT('2D SPACE',''
  ) );
#1444 = PCURVE('',#898,#1445);
#1445 = DEFINITIONAL_REPRESENTATION('',(#1446),#1450);
#1446 = LINE('',#1447,#1448);
#1447 = CARTESIAN_POINT('',(-0.,-87.));
#1448 = VECTOR('',#1449,1.);
#1449 = DIRECTION('',(-1.,0.));
#1450 = ( GEOMETRIC_REPRESENTATION_CONTEXT(2) 
PARAMETRIC_REPRESENTATION_CONTEXT() REPRESENTATION_CONTEXT('2D SPACE',''
  ) );
#1451 = ORIENTED_EDGE('',*,*,#1452,.T.);
#1452 = EDGE_CURVE('',#1425,#143,#1453,.T.);
#1453 = SURFACE_CURVE('',#1454,(#1459,#1470),.PCURVE_S1.);
#1454 = CIRCLE('',#1455,0.85);
#1455 = AXIS2_PLACEMENT_3D('',#1456,#1457,#1458);
#1456 = CARTESIAN_POINT('',(-1.76,-87.,4.44));
#1457 = DIRECTION('',(0.,-1.,0.));
#1458 = DIRECTION('',(1.,0.,0.));
#1459 = PCURVE('',#72,#1460);
#1460 = DEFINITIONAL_REPRESENTATION('',(#1461),#1469);
#1461 = ( BOUNDED_CURVE() B_SPLINE_CURVE(2,(#1462,#1463,#1464,#1465,
#1466,#1467,#1468),.UNSPECIFIED.,.T.,.F.) B_SPLINE_CURVE_WITH_KNOTS((1,2
    ,2,2,2,1),(-2.094395102393,0.,2.094395102393,4.188790204786,
6.28318530718,8.377580409573),.UNSPECIFIED.) CURVE() 
GEOMETRIC_REPRESENTATION_ITEM() RATIONAL_B_SPLINE_CURVE((1.,0.5,1.,0.5,
1.,0.5,1.)) REPRESENTATION_ITEM('') );
#1462 = CARTESIAN_POINT('',(-12.87944526592,-48.65837532953));
#1463 = CARTESIAN_POINT('',(-11.40720207948,-48.65837532953));
#1464 = CARTESIAN_POINT('',(-12.1433236727,-49.93337532953));
#1465 = CARTESIAN_POINT('',(-12.87944526592,-51.20837532953));
#1466 = CARTESIAN_POINT('',(-13.61556685913,-49.93337532953));
#1467 = CARTESIAN_POINT('',(-14.35168845235,-48.65837532953));
#1468 = CARTESIAN_POINT('',(-12.87944526592,-48.65837532953));
#1469 = ( GEOMETRIC_REPRESENTATION_CONTEXT(2) 
PARAMETRIC_REPRESENTATION_CONTEXT() REPRESENTATION_CONTEXT('2D SPACE',''
  ) );
#1470 = PCURVE('',#186,#1471);
#1471 = DEFINITIONAL_REPRESENTATION('',(#1472),#1476);
#1472 = LINE('',#1473,#1474);
#1473 = CARTESIAN_POINT('',(-0.,-87.));
#1474 = VECTOR('',#1475,1.);
#1475 = DIRECTION('',(-1.,0.));
#1476 = ( GEOMETRIC_REPRESENTATION_CONTEXT(2) 
PARAMETRIC_REPRESENTATION_CONTEXT() REPRESENTATION_CONTEXT('2D SPACE',''
  ) );
#1477 = ORIENTED_EDGE('',*,*,#142,.F.);
#1478 = ADVANCED_FACE('',(#1479),#186,.F.);
#1479 = FACE_BOUND('',#1480,.T.);
#1480 = EDGE_LOOP('',(#1481,#1502,#1503,#1504));
#1481 = ORIENTED_EDGE('',*,*,#1482,.T.);
#1482 = EDGE_CURVE('',#878,#1425,#1483,.T.);
#1483 = SURFACE_CURVE('',#1484,(#1488,#1495),.PCURVE_S1.);
#1484 = LINE('',#1485,#1486);
#1485 = CARTESIAN_POINT('',(-1.901132075472,-1.17E-15,5.278201489663));
#1486 = VECTOR('',#1487,1.);
#1487 = DIRECTION('',(0.,-1.,2.2E-16));
#1488 = PCURVE('',#186,#1489);
#1489 = DEFINITIONAL_REPRESENTATION('',(#1490),#1494);
#1490 = LINE('',#1491,#1492);
#1491 = CARTESIAN_POINT('',(-1.737606588085,0.));
#1492 = VECTOR('',#1493,1.);
#1493 = DIRECTION('',(-0.,-1.));
#1494 = ( GEOMETRIC_REPRESENTATION_CONTEXT(2) 
PARAMETRIC_REPRESENTATION_CONTEXT() REPRESENTATION_CONTEXT('2D SPACE',''
  ) );
#1495 = PCURVE('',#898,#1496);
#1496 = DEFINITIONAL_REPRESENTATION('',(#1497),#1501);
#1497 = LINE('',#1498,#1499);
#1498 = CARTESIAN_POINT('',(-4.879199241675,0.));
#1499 = VECTOR('',#1500,1.);
#1500 = DIRECTION('',(-0.,-1.));
#1501 = ( GEOMETRIC_REPRESENTATION_CONTEXT(2) 
PARAMETRIC_REPRESENTATION_CONTEXT() REPRESENTATION_CONTEXT('2D SPACE',''
  ) );
#1502 = ORIENTED_EDGE('',*,*,#1452,.T.);
#1503 = ORIENTED_EDGE('',*,*,#170,.F.);
#1504 = ORIENTED_EDGE('',*,*,#910,.F.);
#1505 = ADVANCED_FACE('',(#1506),#267,.T.);
#1506 = FACE_BOUND('',#1507,.T.);
#1507 = EDGE_LOOP('',(#1508,#1509,#1510,#1531));
#1508 = ORIENTED_EDGE('',*,*,#251,.T.);
#1509 = ORIENTED_EDGE('',*,*,#942,.T.);
#1510 = ORIENTED_EDGE('',*,*,#1511,.F.);
#1511 = EDGE_CURVE('',#306,#943,#1512,.T.);
#1512 = SURFACE_CURVE('',#1513,(#1517,#1524),.PCURVE_S1.);
#1513 = LINE('',#1514,#1515);
#1514 = CARTESIAN_POINT('',(-1.4,-4.1E-16,1.826783591051));
#1515 = VECTOR('',#1516,1.);
#1516 = DIRECTION('',(0.,-1.,2.2E-16));
#1517 = PCURVE('',#267,#1518);
#1518 = DEFINITIONAL_REPRESENTATION('',(#1519),#1523);
#1519 = LINE('',#1520,#1521);
#1520 = CARTESIAN_POINT('',(1.826783591051,-8.107609968767E-18));
#1521 = VECTOR('',#1522,1.);
#1522 = DIRECTION('',(4.4E-16,-1.));
#1523 = ( GEOMETRIC_REPRESENTATION_CONTEXT(2) 
PARAMETRIC_REPRESENTATION_CONTEXT() REPRESENTATION_CONTEXT('2D SPACE',''
  ) );
#1524 = PCURVE('',#349,#1525);
#1525 = DEFINITIONAL_REPRESENTATION('',(#1526),#1530);
#1526 = LINE('',#1527,#1528);
#1527 = CARTESIAN_POINT('',(-0.,0.));
#1528 = VECTOR('',#1529,1.);
#1529 = DIRECTION('',(-0.,-1.));
#1530 = ( GEOMETRIC_REPRESENTATION_CONTEXT(2) 
PARAMETRIC_REPRESENTATION_CONTEXT() REPRESENTATION_CONTEXT('2D SPACE',''
  ) );
#1531 = ORIENTED_EDGE('',*,*,#305,.F.);
#1532 = ADVANCED_FACE('',(#1533),#349,.F.);
#1533 = FACE_BOUND('',#1534,.T.);
#1534 = EDGE_LOOP('',(#1535,#1536,#1537,#1558));
#1535 = ORIENTED_EDGE('',*,*,#1511,.T.);
#1536 = ORIENTED_EDGE('',*,*,#965,.T.);
#1537 = ORIENTED_EDGE('',*,*,#1538,.F.);
#1538 = EDGE_CURVE('',#329,#966,#1539,.T.);
#1539 = SURFACE_CURVE('',#1540,(#1544,#1551),.PCURVE_S1.);
#1540 = LINE('',#1541,#1542);
#1541 = CARTESIAN_POINT('',(-2.067169811321,-5.8E-16,2.615679110734));
#1542 = VECTOR('',#1543,1.);
#1543 = DIRECTION('',(0.,-1.,2.2E-16));
#1544 = PCURVE('',#349,#1545);
#1545 = DEFINITIONAL_REPRESENTATION('',(#1546),#1550);
#1546 = LINE('',#1547,#1548);
#1547 = CARTESIAN_POINT('',(-1.403986065504,0.));
#1548 = VECTOR('',#1549,1.);
#1549 = DIRECTION('',(-0.,-1.));
#1550 = ( GEOMETRIC_REPRESENTATION_CONTEXT(2) 
PARAMETRIC_REPRESENTATION_CONTEXT() REPRESENTATION_CONTEXT('2D SPACE',''
  ) );
#1551 = PCURVE('',#382,#1552);
#1552 = DEFINITIONAL_REPRESENTATION('',(#1553),#1557);
#1553 = LINE('',#1554,#1555);
#1554 = CARTESIAN_POINT('',(-4.545578719094,0.));
#1555 = VECTOR('',#1556,1.);
#1556 = DIRECTION('',(-0.,-1.));
#1557 = ( GEOMETRIC_REPRESENTATION_CONTEXT(2) 
PARAMETRIC_REPRESENTATION_CONTEXT() REPRESENTATION_CONTEXT('2D SPACE',''
  ) );
#1558 = ORIENTED_EDGE('',*,*,#328,.F.);
#1559 = ADVANCED_FACE('',(#1560),#382,.T.);
#1560 = FACE_BOUND('',#1561,.F.);
#1561 = EDGE_LOOP('',(#1562,#1583,#1584,#1585));
#1562 = ORIENTED_EDGE('',*,*,#1563,.T.);
#1563 = EDGE_CURVE('',#362,#994,#1564,.T.);
#1564 = SURFACE_CURVE('',#1565,(#1569,#1576),.PCURVE_S1.);
#1565 = LINE('',#1566,#1567);
#1566 = CARTESIAN_POINT('',(-2.067169811321,-1.39E-15,6.264320889266));
#1567 = VECTOR('',#1568,1.);
#1568 = DIRECTION('',(0.,-1.,2.2E-16));
#1569 = PCURVE('',#382,#1570);
#1570 = DEFINITIONAL_REPRESENTATION('',(#1571),#1575);
#1571 = LINE('',#1572,#1573);
#1572 = CARTESIAN_POINT('',(-1.737606588085,0.));
#1573 = VECTOR('',#1574,1.);
#1574 = DIRECTION('',(-0.,-1.));
#1575 = ( GEOMETRIC_REPRESENTATION_CONTEXT(2) 
PARAMETRIC_REPRESENTATION_CONTEXT() REPRESENTATION_CONTEXT('2D SPACE',''
  ) );
#1576 = PCURVE('',#415,#1577);
#1577 = DEFINITIONAL_REPRESENTATION('',(#1578),#1582);
#1578 = LINE('',#1579,#1580);
#1579 = CARTESIAN_POINT('',(-4.879199241675,0.));
#1580 = VECTOR('',#1581,1.);
#1581 = DIRECTION('',(-0.,-1.));
#1582 = ( GEOMETRIC_REPRESENTATION_CONTEXT(2) 
PARAMETRIC_REPRESENTATION_CONTEXT() REPRESENTATION_CONTEXT('2D SPACE',''
  ) );
#1583 = ORIENTED_EDGE('',*,*,#993,.T.);
#1584 = ORIENTED_EDGE('',*,*,#1538,.F.);
#1585 = ORIENTED_EDGE('',*,*,#361,.F.);
#1586 = ADVANCED_FACE('',(#1587),#415,.F.);
#1587 = FACE_BOUND('',#1588,.T.);
#1588 = EDGE_LOOP('',(#1589,#1590,#1591,#1612));
#1589 = ORIENTED_EDGE('',*,*,#1563,.T.);
#1590 = ORIENTED_EDGE('',*,*,#1021,.T.);
#1591 = ORIENTED_EDGE('',*,*,#1592,.F.);
#1592 = EDGE_CURVE('',#395,#1022,#1593,.T.);
#1593 = SURFACE_CURVE('',#1594,(#1598,#1605),.PCURVE_S1.);
#1594 = LINE('',#1595,#1596);
#1595 = CARTESIAN_POINT('',(-1.4,-1.57E-15,7.053216408949));
#1596 = VECTOR('',#1597,1.);
#1597 = DIRECTION('',(0.,-1.,2.2E-16));
#1598 = PCURVE('',#415,#1599);
#1599 = DEFINITIONAL_REPRESENTATION('',(#1600),#1604);
#1600 = LINE('',#1601,#1602);
#1601 = CARTESIAN_POINT('',(-6.28318530718,0.));
#1602 = VECTOR('',#1603,1.);
#1603 = DIRECTION('',(-0.,-1.));
#1604 = ( GEOMETRIC_REPRESENTATION_CONTEXT(2) 
PARAMETRIC_REPRESENTATION_CONTEXT() REPRESENTATION_CONTEXT('2D SPACE',''
  ) );
#1605 = PCURVE('',#443,#1606);
#1606 = DEFINITIONAL_REPRESENTATION('',(#1607),#1611);
#1607 = LINE('',#1608,#1609);
#1608 = CARTESIAN_POINT('',(0.,0.));
#1609 = VECTOR('',#1610,1.);
#1610 = DIRECTION('',(4.4E-16,-1.));
#1611 = ( GEOMETRIC_REPRESENTATION_CONTEXT(2) 
PARAMETRIC_REPRESENTATION_CONTEXT() REPRESENTATION_CONTEXT('2D SPACE',''
  ) );
#1612 = ORIENTED_EDGE('',*,*,#394,.F.);
#1613 = ADVANCED_FACE('',(#1614),#443,.T.);
#1614 = FACE_BOUND('',#1615,.T.);
#1615 = EDGE_LOOP('',(#1616,#1617,#1618,#1639));
#1616 = ORIENTED_EDGE('',*,*,#1592,.T.);
#1617 = ORIENTED_EDGE('',*,*,#1049,.T.);
#1618 = ORIENTED_EDGE('',*,*,#1619,.F.);
#1619 = EDGE_CURVE('',#428,#1050,#1620,.T.);
#1620 = SURFACE_CURVE('',#1621,(#1625,#1632),.PCURVE_S1.);
#1621 = LINE('',#1622,#1623);
#1622 = CARTESIAN_POINT('',(-1.4,-4.29E-15,19.34));
#1623 = VECTOR('',#1624,1.);
#1624 = DIRECTION('',(0.,-1.,2.2E-16));
#1625 = PCURVE('',#443,#1626);
#1626 = DEFINITIONAL_REPRESENTATION('',(#1627),#1631);
#1627 = LINE('',#1628,#1629);
#1628 = CARTESIAN_POINT('',(12.286783591051,-1.690760996877E-17));
#1629 = VECTOR('',#1630,1.);
#1630 = DIRECTION('',(4.4E-16,-1.));
#1631 = ( GEOMETRIC_REPRESENTATION_CONTEXT(2) 
PARAMETRIC_REPRESENTATION_CONTEXT() REPRESENTATION_CONTEXT('2D SPACE',''
  ) );
#1632 = PCURVE('',#476,#1633);
#1633 = DEFINITIONAL_REPRESENTATION('',(#1634),#1638);
#1634 = LINE('',#1635,#1636);
#1635 = CARTESIAN_POINT('',(-3.14159265359,0.));
#1636 = VECTOR('',#1637,1.);
#1637 = DIRECTION('',(-0.,-1.));
#1638 = ( GEOMETRIC_REPRESENTATION_CONTEXT(2) 
PARAMETRIC_REPRESENTATION_CONTEXT() REPRESENTATION_CONTEXT('2D SPACE',''
  ) );
#1639 = ORIENTED_EDGE('',*,*,#427,.F.);
#1640 = ADVANCED_FACE('',(#1641),#476,.T.);
#1641 = FACE_BOUND('',#1642,.F.);
#1642 = EDGE_LOOP('',(#1643,#1664,#1665,#1666));
#1643 = ORIENTED_EDGE('',*,*,#1644,.T.);
#1644 = EDGE_CURVE('',#456,#1073,#1645,.T.);
#1645 = SURFACE_CURVE('',#1646,(#1650,#1657),.PCURVE_S1.);
#1646 = LINE('',#1647,#1648);
#1647 = CARTESIAN_POINT('',(0.4,-4.69E-15,21.14));
#1648 = VECTOR('',#1649,1.);
#1649 = DIRECTION('',(0.,-1.,2.2E-16));
#1650 = PCURVE('',#476,#1651);
#1651 = DEFINITIONAL_REPRESENTATION('',(#1652),#1656);
#1652 = LINE('',#1653,#1654);
#1653 = CARTESIAN_POINT('',(-1.570796326795,0.));
#1654 = VECTOR('',#1655,1.);
#1655 = DIRECTION('',(-0.,-1.));
#1656 = ( GEOMETRIC_REPRESENTATION_CONTEXT(2) 
PARAMETRIC_REPRESENTATION_CONTEXT() REPRESENTATION_CONTEXT('2D SPACE',''
  ) );
#1657 = PCURVE('',#504,#1658);
#1658 = DEFINITIONAL_REPRESENTATION('',(#1659),#1663);
#1659 = LINE('',#1660,#1661);
#1660 = CARTESIAN_POINT('',(0.,0.));
#1661 = VECTOR('',#1662,1.);
#1662 = DIRECTION('',(0.,-1.));
#1663 = ( GEOMETRIC_REPRESENTATION_CONTEXT(2) 
PARAMETRIC_REPRESENTATION_CONTEXT() REPRESENTATION_CONTEXT('2D SPACE',''
  ) );
#1664 = ORIENTED_EDGE('',*,*,#1072,.T.);
#1665 = ORIENTED_EDGE('',*,*,#1619,.F.);
#1666 = ORIENTED_EDGE('',*,*,#455,.F.);
#1667 = ADVANCED_FACE('',(#1668,#1694),#504,.T.);
#1668 = FACE_BOUND('',#1669,.T.);
#1669 = EDGE_LOOP('',(#1670,#1671,#1672,#1693));
#1670 = ORIENTED_EDGE('',*,*,#1644,.T.);
#1671 = ORIENTED_EDGE('',*,*,#1100,.T.);
#1672 = ORIENTED_EDGE('',*,*,#1673,.F.);
#1673 = EDGE_CURVE('',#489,#1101,#1674,.T.);
#1674 = SURFACE_CURVE('',#1675,(#1679,#1686),.PCURVE_S1.);
#1675 = LINE('',#1676,#1677);
#1676 = CARTESIAN_POINT('',(96.4,-4.69E-15,21.14));
#1677 = VECTOR('',#1678,1.);
#1678 = DIRECTION('',(0.,-1.,2.2E-16));
#1679 = PCURVE('',#504,#1680);
#1680 = DEFINITIONAL_REPRESENTATION('',(#1681),#1685);
#1681 = LINE('',#1682,#1683);
#1682 = CARTESIAN_POINT('',(96.,0.));
#1683 = VECTOR('',#1684,1.);
#1684 = DIRECTION('',(0.,-1.));
#1685 = ( GEOMETRIC_REPRESENTATION_CONTEXT(2) 
PARAMETRIC_REPRESENTATION_CONTEXT() REPRESENTATION_CONTEXT('2D SPACE',''
  ) );
#1686 = PCURVE('',#537,#1687);
#1687 = DEFINITIONAL_REPRESENTATION('',(#1688),#1692);
#1688 = LINE('',#1689,#1690);
#1689 = CARTESIAN_POINT('',(-1.570796326795,0.));
#1690 = VECTOR('',#1691,1.);
#1691 = DIRECTION('',(-0.,-1.));
#1692 = ( GEOMETRIC_REPRESENTATION_CONTEXT(2) 
PARAMETRIC_REPRESENTATION_CONTEXT() REPRESENTATION_CONTEXT('2D SPACE',''
  ) );
#1693 = ORIENTED_EDGE('',*,*,#488,.F.);
#1694 = FACE_BOUND('',#1695,.T.);
#1695 = EDGE_LOOP('',(#1696));
#1696 = ORIENTED_EDGE('',*,*,#1697,.T.);
#1697 = EDGE_CURVE('',#1698,#1698,#1700,.T.);
#1698 = VERTEX_POINT('',#1699);
#1699 = CARTESIAN_POINT('',(95.,-9.3,21.14));
#1700 = SURFACE_CURVE('',#1701,(#1706,#1717),.PCURVE_S1.);
#1701 = CIRCLE('',#1702,3.5);
#1702 = AXIS2_PLACEMENT_3D('',#1703,#1704,#1705);
#1703 = CARTESIAN_POINT('',(91.5,-9.3,21.14));
#1704 = DIRECTION('',(0.,0.,-1.));
#1705 = DIRECTION('',(1.,0.,0.));
#1706 = PCURVE('',#504,#1707);
#1707 = DEFINITIONAL_REPRESENTATION('',(#1708),#1716);
#1708 = ( BOUNDED_CURVE() B_SPLINE_CURVE(2,(#1709,#1710,#1711,#1712,
#1713,#1714,#1715),.UNSPECIFIED.,.T.,.F.) B_SPLINE_CURVE_WITH_KNOTS((1,2
    ,2,2,2,1),(-2.094395102393,0.,2.094395102393,4.188790204786,
6.28318530718,8.377580409573),.UNSPECIFIED.) CURVE() 
GEOMETRIC_REPRESENTATION_ITEM() RATIONAL_B_SPLINE_CURVE((1.,0.5,1.,0.5,
1.,0.5,1.)) REPRESENTATION_ITEM('') );
#1709 = CARTESIAN_POINT('',(94.6,-9.3));
#1710 = CARTESIAN_POINT('',(94.6,-15.36217782649));
#1711 = CARTESIAN_POINT('',(89.35,-12.33108891324));
#1712 = CARTESIAN_POINT('',(84.1,-9.3));
#1713 = CARTESIAN_POINT('',(89.35,-6.268911086754));
#1714 = CARTESIAN_POINT('',(94.6,-3.237822173509));
#1715 = CARTESIAN_POINT('',(94.6,-9.3));
#1716 = ( GEOMETRIC_REPRESENTATION_CONTEXT(2) 
PARAMETRIC_REPRESENTATION_CONTEXT() REPRESENTATION_CONTEXT('2D SPACE',''
  ) );
#1717 = PCURVE('',#1718,#1723);
#1718 = CYLINDRICAL_SURFACE('',#1719,3.5);
#1719 = AXIS2_PLACEMENT_3D('',#1720,#1721,#1722);
#1720 = CARTESIAN_POINT('',(91.5,-9.3,10.));
#1721 = DIRECTION('',(-0.,-0.,-1.));
#1722 = DIRECTION('',(1.,0.,0.));
#1723 = DEFINITIONAL_REPRESENTATION('',(#1724),#1728);
#1724 = LINE('',#1725,#1726);
#1725 = CARTESIAN_POINT('',(-6.28318530718,-11.14));
#1726 = VECTOR('',#1727,1.);
#1727 = DIRECTION('',(1.,-0.));
#1728 = ( GEOMETRIC_REPRESENTATION_CONTEXT(2) 
PARAMETRIC_REPRESENTATION_CONTEXT() REPRESENTATION_CONTEXT('2D SPACE',''
  ) );
#1729 = ADVANCED_FACE('',(#1730),#537,.T.);
#1730 = FACE_BOUND('',#1731,.F.);
#1731 = EDGE_LOOP('',(#1732,#1753,#1754,#1755));
#1732 = ORIENTED_EDGE('',*,*,#1733,.T.);
#1733 = EDGE_CURVE('',#517,#1124,#1734,.T.);
#1734 = SURFACE_CURVE('',#1735,(#1739,#1746),.PCURVE_S1.);
#1735 = LINE('',#1736,#1737);
#1736 = CARTESIAN_POINT('',(98.2,-4.29E-15,19.34));
#1737 = VECTOR('',#1738,1.);
#1738 = DIRECTION('',(0.,-1.,2.2E-16));
#1739 = PCURVE('',#537,#1740);
#1740 = DEFINITIONAL_REPRESENTATION('',(#1741),#1745);
#1741 = LINE('',#1742,#1743);
#1742 = CARTESIAN_POINT('',(-6.9E-16,0.));
#1743 = VECTOR('',#1744,1.);
#1744 = DIRECTION('',(-0.,-1.));
#1745 = ( GEOMETRIC_REPRESENTATION_CONTEXT(2) 
PARAMETRIC_REPRESENTATION_CONTEXT() REPRESENTATION_CONTEXT('2D SPACE',''
  ) );
#1746 = PCURVE('',#565,#1747);
#1747 = DEFINITIONAL_REPRESENTATION('',(#1748),#1752);
#1748 = LINE('',#1749,#1750);
#1749 = CARTESIAN_POINT('',(0.,0.));
#1750 = VECTOR('',#1751,1.);
#1751 = DIRECTION('',(-4.4E-16,-1.));
#1752 = ( GEOMETRIC_REPRESENTATION_CONTEXT(2) 
PARAMETRIC_REPRESENTATION_CONTEXT() REPRESENTATION_CONTEXT('2D SPACE',''
  ) );
#1753 = ORIENTED_EDGE('',*,*,#1123,.T.);
#1754 = ORIENTED_EDGE('',*,*,#1673,.F.);
#1755 = ORIENTED_EDGE('',*,*,#516,.F.);
#1756 = ADVANCED_FACE('',(#1757),#565,.T.);
#1757 = FACE_BOUND('',#1758,.T.);
#1758 = EDGE_LOOP('',(#1759,#1760,#1761,#1782));
#1759 = ORIENTED_EDGE('',*,*,#1733,.T.);
#1760 = ORIENTED_EDGE('',*,*,#1151,.T.);
#1761 = ORIENTED_EDGE('',*,*,#1762,.F.);
#1762 = EDGE_CURVE('',#550,#1152,#1763,.T.);
#1763 = SURFACE_CURVE('',#1764,(#1768,#1775),.PCURVE_S1.);
#1764 = LINE('',#1765,#1766);
#1765 = CARTESIAN_POINT('',(98.2,-1.57E-15,7.09));
#1766 = VECTOR('',#1767,1.);
#1767 = DIRECTION('',(0.,-1.,2.2E-16));
#1768 = PCURVE('',#565,#1769);
#1769 = DEFINITIONAL_REPRESENTATION('',(#1770),#1774);
#1770 = LINE('',#1771,#1772);
#1771 = CARTESIAN_POINT('',(12.25,2.5E-17));
#1772 = VECTOR('',#1773,1.);
#1773 = DIRECTION('',(-4.4E-16,-1.));
#1774 = ( GEOMETRIC_REPRESENTATION_CONTEXT(2) 
PARAMETRIC_REPRESENTATION_CONTEXT() REPRESENTATION_CONTEXT('2D SPACE',''
  ) );
#1775 = PCURVE('',#598,#1776);
#1776 = DEFINITIONAL_REPRESENTATION('',(#1777),#1781);
#1777 = LINE('',#1778,#1779);
#1778 = CARTESIAN_POINT('',(-6.28318530718,0.));
#1779 = VECTOR('',#1780,1.);
#1780 = DIRECTION('',(-0.,-1.));
#1781 = ( GEOMETRIC_REPRESENTATION_CONTEXT(2) 
PARAMETRIC_REPRESENTATION_CONTEXT() REPRESENTATION_CONTEXT('2D SPACE',''
  ) );
#1782 = ORIENTED_EDGE('',*,*,#549,.F.);
#1783 = ADVANCED_FACE('',(#1784),#598,.T.);
#1784 = FACE_BOUND('',#1785,.F.);
#1785 = EDGE_LOOP('',(#1786,#1807,#1808,#1809));
#1786 = ORIENTED_EDGE('',*,*,#1787,.T.);
#1787 = EDGE_CURVE('',#578,#1175,#1788,.T.);
#1788 = SURFACE_CURVE('',#1789,(#1793,#1800),.PCURVE_S1.);
#1789 = LINE('',#1790,#1791);
#1790 = CARTESIAN_POINT('',(96.4,-1.17E-15,5.29));
#1791 = VECTOR('',#1792,1.);
#1792 = DIRECTION('',(0.,-1.,2.2E-16));
#1793 = PCURVE('',#598,#1794);
#1794 = DEFINITIONAL_REPRESENTATION('',(#1795),#1799);
#1795 = LINE('',#1796,#1797);
#1796 = CARTESIAN_POINT('',(-4.712388980385,0.));
#1797 = VECTOR('',#1798,1.);
#1798 = DIRECTION('',(-0.,-1.));
#1799 = ( GEOMETRIC_REPRESENTATION_CONTEXT(2) 
PARAMETRIC_REPRESENTATION_CONTEXT() REPRESENTATION_CONTEXT('2D SPACE',''
  ) );
#1800 = PCURVE('',#626,#1801);
#1801 = DEFINITIONAL_REPRESENTATION('',(#1802),#1806);
#1802 = LINE('',#1803,#1804);
#1803 = CARTESIAN_POINT('',(0.,0.));
#1804 = VECTOR('',#1805,1.);
#1805 = DIRECTION('',(0.,-1.));
#1806 = ( GEOMETRIC_REPRESENTATION_CONTEXT(2) 
PARAMETRIC_REPRESENTATION_CONTEXT() REPRESENTATION_CONTEXT('2D SPACE',''
  ) );
#1807 = ORIENTED_EDGE('',*,*,#1174,.T.);
#1808 = ORIENTED_EDGE('',*,*,#1762,.F.);
#1809 = ORIENTED_EDGE('',*,*,#577,.F.);
#1810 = ADVANCED_FACE('',(#1811,#1837,#1868),#626,.T.);
#1811 = FACE_BOUND('',#1812,.T.);
#1812 = EDGE_LOOP('',(#1813,#1814,#1815,#1836));
#1813 = ORIENTED_EDGE('',*,*,#1787,.T.);
#1814 = ORIENTED_EDGE('',*,*,#1202,.T.);
#1815 = ORIENTED_EDGE('',*,*,#1816,.F.);
#1816 = EDGE_CURVE('',#611,#1203,#1817,.T.);
#1817 = SURFACE_CURVE('',#1818,(#1822,#1829),.PCURVE_S1.);
#1818 = LINE('',#1819,#1820);
#1819 = CARTESIAN_POINT('',(90.4,-1.17E-15,5.29));
#1820 = VECTOR('',#1821,1.);
#1821 = DIRECTION('',(0.,-1.,2.2E-16));
#1822 = PCURVE('',#626,#1823);
#1823 = DEFINITIONAL_REPRESENTATION('',(#1824),#1828);
#1824 = LINE('',#1825,#1826);
#1825 = CARTESIAN_POINT('',(6.,0.));
#1826 = VECTOR('',#1827,1.);
#1827 = DIRECTION('',(0.,-1.));
#1828 = ( GEOMETRIC_REPRESENTATION_CONTEXT(2) 
PARAMETRIC_REPRESENTATION_CONTEXT() REPRESENTATION_CONTEXT('2D SPACE',''
  ) );
#1829 = PCURVE('',#654,#1830);
#1830 = DEFINITIONAL_REPRESENTATION('',(#1831),#1835);
#1831 = LINE('',#1832,#1833);
#1832 = CARTESIAN_POINT('',(0.,0.));
#1833 = VECTOR('',#1834,1.);
#1834 = DIRECTION('',(4.4E-16,-1.));
#1835 = ( GEOMETRIC_REPRESENTATION_CONTEXT(2) 
PARAMETRIC_REPRESENTATION_CONTEXT() REPRESENTATION_CONTEXT('2D SPACE',''
  ) );
#1836 = ORIENTED_EDGE('',*,*,#610,.F.);
#1837 = FACE_BOUND('',#1838,.T.);
#1838 = EDGE_LOOP('',(#1839));
#1839 = ORIENTED_EDGE('',*,*,#1840,.F.);
#1840 = EDGE_CURVE('',#1841,#1841,#1843,.T.);
#1841 = VERTEX_POINT('',#1842);
#1842 = CARTESIAN_POINT('',(94.9,-75.06,5.29));
#1843 = SURFACE_CURVE('',#1844,(#1849,#1856),.PCURVE_S1.);
#1844 = CIRCLE('',#1845,1.);
#1845 = AXIS2_PLACEMENT_3D('',#1846,#1847,#1848);
#1846 = CARTESIAN_POINT('',(93.9,-75.06,5.29));
#1847 = DIRECTION('',(0.,0.,-1.));
#1848 = DIRECTION('',(1.,0.,0.));
#1849 = PCURVE('',#626,#1850);
#1850 = DEFINITIONAL_REPRESENTATION('',(#1851),#1855);
#1851 = CIRCLE('',#1852,1.);
#1852 = AXIS2_PLACEMENT_2D('',#1853,#1854);
#1853 = CARTESIAN_POINT('',(2.5,-75.06));
#1854 = DIRECTION('',(-1.,0.));
#1855 = ( GEOMETRIC_REPRESENTATION_CONTEXT(2) 
PARAMETRIC_REPRESENTATION_CONTEXT() REPRESENTATION_CONTEXT('2D SPACE',''
  ) );
#1856 = PCURVE('',#1857,#1862);
#1857 = CYLINDRICAL_SURFACE('',#1858,1.);
#1858 = AXIS2_PLACEMENT_3D('',#1859,#1860,#1861);
#1859 = CARTESIAN_POINT('',(93.9,-75.06,0.));
#1860 = DIRECTION('',(-0.,-0.,-1.));
#1861 = DIRECTION('',(1.,0.,0.));
#1862 = DEFINITIONAL_REPRESENTATION('',(#1863),#1867);
#1863 = LINE('',#1864,#1865);
#1864 = CARTESIAN_POINT('',(-6.28318530718,-5.29));
#1865 = VECTOR('',#1866,1.);
#1866 = DIRECTION('',(1.,-0.));
#1867 = ( GEOMETRIC_REPRESENTATION_CONTEXT(2) 
PARAMETRIC_REPRESENTATION_CONTEXT() REPRESENTATION_CONTEXT('2D SPACE',''
  ) );
#1868 = FACE_BOUND('',#1869,.T.);
#1869 = EDGE_LOOP('',(#1870));
#1870 = ORIENTED_EDGE('',*,*,#1871,.F.);
#1871 = EDGE_CURVE('',#1872,#1872,#1874,.T.);
#1872 = VERTEX_POINT('',#1873);
#1873 = CARTESIAN_POINT('',(94.75,-9.3,5.29));
#1874 = SURFACE_CURVE('',#1875,(#1880,#1887),.PCURVE_S1.);
#1875 = CIRCLE('',#1876,1.5);
#1876 = AXIS2_PLACEMENT_3D('',#1877,#1878,#1879);
#1877 = CARTESIAN_POINT('',(93.25,-9.3,5.29));
#1878 = DIRECTION('',(0.,0.,-1.));
#1879 = DIRECTION('',(1.,0.,0.));
#1880 = PCURVE('',#626,#1881);
#1881 = DEFINITIONAL_REPRESENTATION('',(#1882),#1886);
#1882 = CIRCLE('',#1883,1.5);
#1883 = AXIS2_PLACEMENT_2D('',#1884,#1885);
#1884 = CARTESIAN_POINT('',(3.15,-9.3));
#1885 = DIRECTION('',(-1.,0.));
#1886 = ( GEOMETRIC_REPRESENTATION_CONTEXT(2) 
PARAMETRIC_REPRESENTATION_CONTEXT() REPRESENTATION_CONTEXT('2D SPACE',''
  ) );
#1887 = PCURVE('',#1888,#1893);
#1888 = CYLINDRICAL_SURFACE('',#1889,1.5);
#1889 = AXIS2_PLACEMENT_3D('',#1890,#1891,#1892);
#1890 = CARTESIAN_POINT('',(93.25,-9.3,0.));
#1891 = DIRECTION('',(-0.,-0.,-1.));
#1892 = DIRECTION('',(1.,0.,0.));
#1893 = DEFINITIONAL_REPRESENTATION('',(#1894),#1898);
#1894 = LINE('',#1895,#1896);
#1895 = CARTESIAN_POINT('',(-6.28318530718,-5.29));
#1896 = VECTOR('',#1897,1.);
#1897 = DIRECTION('',(1.,-0.));
#1898 = ( GEOMETRIC_REPRESENTATION_CONTEXT(2) 
PARAMETRIC_REPRESENTATION_CONTEXT() REPRESENTATION_CONTEXT('2D SPACE',''
  ) );
#1899 = ADVANCED_FACE('',(#1900),#654,.T.);
#1900 = FACE_BOUND('',#1901,.T.);
#1901 = EDGE_LOOP('',(#1902,#1903,#1904,#1925));
#1902 = ORIENTED_EDGE('',*,*,#1816,.T.);
#1903 = ORIENTED_EDGE('',*,*,#1225,.T.);
#1904 = ORIENTED_EDGE('',*,*,#1905,.F.);
#1905 = EDGE_CURVE('',#639,#1226,#1906,.T.);
#1906 = SURFACE_CURVE('',#1907,(#1911,#1918),.PCURVE_S1.);
#1907 = LINE('',#1908,#1909);
#1908 = CARTESIAN_POINT('',(90.4,-1.4E-15,6.29));
#1909 = VECTOR('',#1910,1.);
#1910 = DIRECTION('',(0.,-1.,2.2E-16));
#1911 = PCURVE('',#654,#1912);
#1912 = DEFINITIONAL_REPRESENTATION('',(#1913),#1917);
#1913 = LINE('',#1914,#1915);
#1914 = CARTESIAN_POINT('',(1.,-1.E-17));
#1915 = VECTOR('',#1916,1.);
#1916 = DIRECTION('',(4.4E-16,-1.));
#1917 = ( GEOMETRIC_REPRESENTATION_CONTEXT(2) 
PARAMETRIC_REPRESENTATION_CONTEXT() REPRESENTATION_CONTEXT('2D SPACE',''
  ) );
#1918 = PCURVE('',#682,#1919);
#1919 = DEFINITIONAL_REPRESENTATION('',(#1920),#1924);
#1920 = LINE('',#1921,#1922);
#1921 = CARTESIAN_POINT('',(0.,0.));
#1922 = VECTOR('',#1923,1.);
#1923 = DIRECTION('',(0.,-1.));
#1924 = ( GEOMETRIC_REPRESENTATION_CONTEXT(2) 
PARAMETRIC_REPRESENTATION_CONTEXT() REPRESENTATION_CONTEXT('2D SPACE',''
  ) );
#1925 = ORIENTED_EDGE('',*,*,#638,.F.);
#1926 = ADVANCED_FACE('',(#1927,#1953,#1983),#682,.T.);
#1927 = FACE_BOUND('',#1928,.T.);
#1928 = EDGE_LOOP('',(#1929,#1930,#1931,#1952));
#1929 = ORIENTED_EDGE('',*,*,#1905,.T.);
#1930 = ORIENTED_EDGE('',*,*,#1248,.T.);
#1931 = ORIENTED_EDGE('',*,*,#1932,.F.);
#1932 = EDGE_CURVE('',#667,#1249,#1933,.T.);
#1933 = SURFACE_CURVE('',#1934,(#1938,#1945),.PCURVE_S1.);
#1934 = LINE('',#1935,#1936);
#1935 = CARTESIAN_POINT('',(96.4,-1.4E-15,6.29));
#1936 = VECTOR('',#1937,1.);
#1937 = DIRECTION('',(0.,-1.,2.2E-16));
#1938 = PCURVE('',#682,#1939);
#1939 = DEFINITIONAL_REPRESENTATION('',(#1940),#1944);
#1940 = LINE('',#1941,#1942);
#1941 = CARTESIAN_POINT('',(6.,0.));
#1942 = VECTOR('',#1943,1.);
#1943 = DIRECTION('',(0.,-1.));
#1944 = ( GEOMETRIC_REPRESENTATION_CONTEXT(2) 
PARAMETRIC_REPRESENTATION_CONTEXT() REPRESENTATION_CONTEXT('2D SPACE',''
  ) );
#1945 = PCURVE('',#715,#1946);
#1946 = DEFINITIONAL_REPRESENTATION('',(#1947),#1951);
#1947 = LINE('',#1948,#1949);
#1948 = CARTESIAN_POINT('',(-4.712388980385,0.));
#1949 = VECTOR('',#1950,1.);
#1950 = DIRECTION('',(-0.,-1.));
#1951 = ( GEOMETRIC_REPRESENTATION_CONTEXT(2) 
PARAMETRIC_REPRESENTATION_CONTEXT() REPRESENTATION_CONTEXT('2D SPACE',''
  ) );
#1952 = ORIENTED_EDGE('',*,*,#666,.F.);
#1953 = FACE_BOUND('',#1954,.T.);
#1954 = EDGE_LOOP('',(#1955));
#1955 = ORIENTED_EDGE('',*,*,#1956,.T.);
#1956 = EDGE_CURVE('',#1957,#1957,#1959,.T.);
#1957 = VERTEX_POINT('',#1958);
#1958 = CARTESIAN_POINT('',(94.9,-75.06,6.29));
#1959 = SURFACE_CURVE('',#1960,(#1965,#1976),.PCURVE_S1.);
#1960 = CIRCLE('',#1961,1.);
#1961 = AXIS2_PLACEMENT_3D('',#1962,#1963,#1964);
#1962 = CARTESIAN_POINT('',(93.9,-75.06,6.29));
#1963 = DIRECTION('',(0.,0.,-1.));
#1964 = DIRECTION('',(1.,0.,0.));
#1965 = PCURVE('',#682,#1966);
#1966 = DEFINITIONAL_REPRESENTATION('',(#1967),#1975);
#1967 = ( BOUNDED_CURVE() B_SPLINE_CURVE(2,(#1968,#1969,#1970,#1971,
#1972,#1973,#1974),.UNSPECIFIED.,.T.,.F.) B_SPLINE_CURVE_WITH_KNOTS((1,2
    ,2,2,2,1),(-2.094395102393,0.,2.094395102393,4.188790204786,
6.28318530718,8.377580409573),.UNSPECIFIED.) CURVE() 
GEOMETRIC_REPRESENTATION_ITEM() RATIONAL_B_SPLINE_CURVE((1.,0.5,1.,0.5,
1.,0.5,1.)) REPRESENTATION_ITEM('') );
#1968 = CARTESIAN_POINT('',(4.5,-75.06));
#1969 = CARTESIAN_POINT('',(4.5,-76.79205080756));
#1970 = CARTESIAN_POINT('',(3.,-75.92602540378));
#1971 = CARTESIAN_POINT('',(1.5,-75.06));
#1972 = CARTESIAN_POINT('',(3.,-74.19397459621));
#1973 = CARTESIAN_POINT('',(4.5,-73.32794919243));
#1974 = CARTESIAN_POINT('',(4.5,-75.06));
#1975 = ( GEOMETRIC_REPRESENTATION_CONTEXT(2) 
PARAMETRIC_REPRESENTATION_CONTEXT() REPRESENTATION_CONTEXT('2D SPACE',''
  ) );
#1976 = PCURVE('',#1857,#1977);
#1977 = DEFINITIONAL_REPRESENTATION('',(#1978),#1982);
#1978 = LINE('',#1979,#1980);
#1979 = CARTESIAN_POINT('',(-6.28318530718,-6.29));
#1980 = VECTOR('',#1981,1.);
#1981 = DIRECTION('',(1.,-0.));
#1982 = ( GEOMETRIC_REPRESENTATION_CONTEXT(2) 
PARAMETRIC_REPRESENTATION_CONTEXT() REPRESENTATION_CONTEXT('2D SPACE',''
  ) );
#1983 = FACE_BOUND('',#1984,.T.);
#1984 = EDGE_LOOP('',(#1985));
#1985 = ORIENTED_EDGE('',*,*,#1986,.T.);
#1986 = EDGE_CURVE('',#1987,#1987,#1989,.T.);
#1987 = VERTEX_POINT('',#1988);
#1988 = CARTESIAN_POINT('',(94.75,-9.3,6.29));
#1989 = SURFACE_CURVE('',#1990,(#1995,#2006),.PCURVE_S1.);
#1990 = CIRCLE('',#1991,1.5);
#1991 = AXIS2_PLACEMENT_3D('',#1992,#1993,#1994);
#1992 = CARTESIAN_POINT('',(93.25,-9.3,6.29));
#1993 = DIRECTION('',(0.,0.,-1.));
#1994 = DIRECTION('',(1.,0.,0.));
#1995 = PCURVE('',#682,#1996);
#1996 = DEFINITIONAL_REPRESENTATION('',(#1997),#2005);
#1997 = ( BOUNDED_CURVE() B_SPLINE_CURVE(2,(#1998,#1999,#2000,#2001,
#2002,#2003,#2004),.UNSPECIFIED.,.T.,.F.) B_SPLINE_CURVE_WITH_KNOTS((1,2
    ,2,2,2,1),(-2.094395102393,0.,2.094395102393,4.188790204786,
6.28318530718,8.377580409573),.UNSPECIFIED.) CURVE() 
GEOMETRIC_REPRESENTATION_ITEM() RATIONAL_B_SPLINE_CURVE((1.,0.5,1.,0.5,
1.,0.5,1.)) REPRESENTATION_ITEM('') );
#1998 = CARTESIAN_POINT('',(4.35,-9.3));
#1999 = CARTESIAN_POINT('',(4.35,-11.89807621135));
#2000 = CARTESIAN_POINT('',(2.1,-10.59903810567));
#2001 = CARTESIAN_POINT('',(-0.15,-9.3));
#2002 = CARTESIAN_POINT('',(2.1,-8.000961894323));
#2003 = CARTESIAN_POINT('',(4.35,-6.701923788647));
#2004 = CARTESIAN_POINT('',(4.35,-9.3));
#2005 = ( GEOMETRIC_REPRESENTATION_CONTEXT(2) 
PARAMETRIC_REPRESENTATION_CONTEXT() REPRESENTATION_CONTEXT('2D SPACE',''
  ) );
#2006 = PCURVE('',#1888,#2007);
#2007 = DEFINITIONAL_REPRESENTATION('',(#2008),#2012);
#2008 = LINE('',#2009,#2010);
#2009 = CARTESIAN_POINT('',(-6.28318530718,-6.29));
#2010 = VECTOR('',#2011,1.);
#2011 = DIRECTION('',(1.,-0.));
#2012 = ( GEOMETRIC_REPRESENTATION_CONTEXT(2) 
PARAMETRIC_REPRESENTATION_CONTEXT() REPRESENTATION_CONTEXT('2D SPACE',''
  ) );
#2013 = ADVANCED_FACE('',(#2014),#715,.F.);
#2014 = FACE_BOUND('',#2015,.T.);
#2015 = EDGE_LOOP('',(#2016,#2017,#2018,#2039));
#2016 = ORIENTED_EDGE('',*,*,#1932,.T.);
#2017 = ORIENTED_EDGE('',*,*,#1271,.T.);
#2018 = ORIENTED_EDGE('',*,*,#2019,.F.);
#2019 = EDGE_CURVE('',#695,#1272,#2020,.T.);
#2020 = SURFACE_CURVE('',#2021,(#2025,#2032),.PCURVE_S1.);
#2021 = LINE('',#2022,#2023);
#2022 = CARTESIAN_POINT('',(97.2,-1.57E-15,7.09));
#2023 = VECTOR('',#2024,1.);
#2024 = DIRECTION('',(0.,-1.,2.2E-16));
#2025 = PCURVE('',#715,#2026);
#2026 = DEFINITIONAL_REPRESENTATION('',(#2027),#2031);
#2027 = LINE('',#2028,#2029);
#2028 = CARTESIAN_POINT('',(-6.28318530718,0.));
#2029 = VECTOR('',#2030,1.);
#2030 = DIRECTION('',(-0.,-1.));
#2031 = ( GEOMETRIC_REPRESENTATION_CONTEXT(2) 
PARAMETRIC_REPRESENTATION_CONTEXT() REPRESENTATION_CONTEXT('2D SPACE',''
  ) );
#2032 = PCURVE('',#743,#2033);
#2033 = DEFINITIONAL_REPRESENTATION('',(#2034),#2038);
#2034 = LINE('',#2035,#2036);
#2035 = CARTESIAN_POINT('',(0.,0.));
#2036 = VECTOR('',#2037,1.);
#2037 = DIRECTION('',(4.4E-16,-1.));
#2038 = ( GEOMETRIC_REPRESENTATION_CONTEXT(2) 
PARAMETRIC_REPRESENTATION_CONTEXT() REPRESENTATION_CONTEXT('2D SPACE',''
  ) );
#2039 = ORIENTED_EDGE('',*,*,#694,.F.);
#2040 = ADVANCED_FACE('',(#2041),#743,.T.);
#2041 = FACE_BOUND('',#2042,.T.);
#2042 = EDGE_LOOP('',(#2043,#2044,#2045,#2066));
#2043 = ORIENTED_EDGE('',*,*,#2019,.T.);
#2044 = ORIENTED_EDGE('',*,*,#1299,.T.);
#2045 = ORIENTED_EDGE('',*,*,#2046,.F.);
#2046 = EDGE_CURVE('',#728,#1300,#2047,.T.);
#2047 = SURFACE_CURVE('',#2048,(#2052,#2059),.PCURVE_S1.);
#2048 = LINE('',#2049,#2050);
#2049 = CARTESIAN_POINT('',(97.2,-4.29E-15,19.34));
#2050 = VECTOR('',#2051,1.);
#2051 = DIRECTION('',(0.,-1.,2.2E-16));
#2052 = PCURVE('',#743,#2053);
#2053 = DEFINITIONAL_REPRESENTATION('',(#2054),#2058);
#2054 = LINE('',#2055,#2056);
#2055 = CARTESIAN_POINT('',(12.25,-2.5E-17));
#2056 = VECTOR('',#2057,1.);
#2057 = DIRECTION('',(4.4E-16,-1.));
#2058 = ( GEOMETRIC_REPRESENTATION_CONTEXT(2) 
PARAMETRIC_REPRESENTATION_CONTEXT() REPRESENTATION_CONTEXT('2D SPACE',''
  ) );
#2059 = PCURVE('',#776,#2060);
#2060 = DEFINITIONAL_REPRESENTATION('',(#2061),#2065);
#2061 = LINE('',#2062,#2063);
#2062 = CARTESIAN_POINT('',(-8.E-17,0.));
#2063 = VECTOR('',#2064,1.);
#2064 = DIRECTION('',(-0.,-1.));
#2065 = ( GEOMETRIC_REPRESENTATION_CONTEXT(2) 
PARAMETRIC_REPRESENTATION_CONTEXT() REPRESENTATION_CONTEXT('2D SPACE',''
  ) );
#2066 = ORIENTED_EDGE('',*,*,#727,.F.);
#2067 = ADVANCED_FACE('',(#2068),#776,.F.);
#2068 = FACE_BOUND('',#2069,.T.);
#2069 = EDGE_LOOP('',(#2070,#2071,#2072,#2093));
#2070 = ORIENTED_EDGE('',*,*,#2046,.T.);
#2071 = ORIENTED_EDGE('',*,*,#1322,.T.);
#2072 = ORIENTED_EDGE('',*,*,#2073,.F.);
#2073 = EDGE_CURVE('',#756,#1323,#2074,.T.);
#2074 = SURFACE_CURVE('',#2075,(#2079,#2086),.PCURVE_S1.);
#2075 = LINE('',#2076,#2077);
#2076 = CARTESIAN_POINT('',(96.4,-4.47E-15,20.14));
#2077 = VECTOR('',#2078,1.);
#2078 = DIRECTION('',(0.,-1.,2.2E-16));
#2079 = PCURVE('',#776,#2080);
#2080 = DEFINITIONAL_REPRESENTATION('',(#2081),#2085);
#2081 = LINE('',#2082,#2083);
#2082 = CARTESIAN_POINT('',(-1.570796326795,0.));
#2083 = VECTOR('',#2084,1.);
#2084 = DIRECTION('',(-0.,-1.));
#2085 = ( GEOMETRIC_REPRESENTATION_CONTEXT(2) 
PARAMETRIC_REPRESENTATION_CONTEXT() REPRESENTATION_CONTEXT('2D SPACE',''
  ) );
#2086 = PCURVE('',#804,#2087);
#2087 = DEFINITIONAL_REPRESENTATION('',(#2088),#2092);
#2088 = LINE('',#2089,#2090);
#2089 = CARTESIAN_POINT('',(0.,0.));
#2090 = VECTOR('',#2091,1.);
#2091 = DIRECTION('',(0.,-1.));
#2092 = ( GEOMETRIC_REPRESENTATION_CONTEXT(2) 
PARAMETRIC_REPRESENTATION_CONTEXT() REPRESENTATION_CONTEXT('2D SPACE',''
  ) );
#2093 = ORIENTED_EDGE('',*,*,#755,.F.);
#2094 = ADVANCED_FACE('',(#2095,#2121),#804,.T.);
#2095 = FACE_BOUND('',#2096,.T.);
#2096 = EDGE_LOOP('',(#2097,#2098,#2099,#2120));
#2097 = ORIENTED_EDGE('',*,*,#2073,.T.);
#2098 = ORIENTED_EDGE('',*,*,#1350,.T.);
#2099 = ORIENTED_EDGE('',*,*,#2100,.F.);
#2100 = EDGE_CURVE('',#789,#1351,#2101,.T.);
#2101 = SURFACE_CURVE('',#2102,(#2106,#2113),.PCURVE_S1.);
#2102 = LINE('',#2103,#2104);
#2103 = CARTESIAN_POINT('',(0.4,-4.47E-15,20.14));
#2104 = VECTOR('',#2105,1.);
#2105 = DIRECTION('',(0.,-1.,2.2E-16));
#2106 = PCURVE('',#804,#2107);
#2107 = DEFINITIONAL_REPRESENTATION('',(#2108),#2112);
#2108 = LINE('',#2109,#2110);
#2109 = CARTESIAN_POINT('',(96.,-7.88860905221E-31));
#2110 = VECTOR('',#2111,1.);
#2111 = DIRECTION('',(0.,-1.));
#2112 = ( GEOMETRIC_REPRESENTATION_CONTEXT(2) 
PARAMETRIC_REPRESENTATION_CONTEXT() REPRESENTATION_CONTEXT('2D SPACE',''
  ) );
#2113 = PCURVE('',#837,#2114);
#2114 = DEFINITIONAL_REPRESENTATION('',(#2115),#2119);
#2115 = LINE('',#2116,#2117);
#2116 = CARTESIAN_POINT('',(-1.570796326795,0.));
#2117 = VECTOR('',#2118,1.);
#2118 = DIRECTION('',(-0.,-1.));
#2119 = ( GEOMETRIC_REPRESENTATION_CONTEXT(2) 
PARAMETRIC_REPRESENTATION_CONTEXT() REPRESENTATION_CONTEXT('2D SPACE',''
  ) );
#2120 = ORIENTED_EDGE('',*,*,#788,.F.);
#2121 = FACE_BOUND('',#2122,.T.);
#2122 = EDGE_LOOP('',(#2123));
#2123 = ORIENTED_EDGE('',*,*,#2124,.F.);
#2124 = EDGE_CURVE('',#2125,#2125,#2127,.T.);
#2125 = VERTEX_POINT('',#2126);
#2126 = CARTESIAN_POINT('',(95.,-9.3,20.14));
#2127 = SURFACE_CURVE('',#2128,(#2133,#2140),.PCURVE_S1.);
#2128 = CIRCLE('',#2129,3.5);
#2129 = AXIS2_PLACEMENT_3D('',#2130,#2131,#2132);
#2130 = CARTESIAN_POINT('',(91.5,-9.3,20.14));
#2131 = DIRECTION('',(0.,0.,-1.));
#2132 = DIRECTION('',(1.,0.,0.));
#2133 = PCURVE('',#804,#2134);
#2134 = DEFINITIONAL_REPRESENTATION('',(#2135),#2139);
#2135 = CIRCLE('',#2136,3.5);
#2136 = AXIS2_PLACEMENT_2D('',#2137,#2138);
#2137 = CARTESIAN_POINT('',(4.9,-9.3));
#2138 = DIRECTION('',(-1.,0.));
#2139 = ( GEOMETRIC_REPRESENTATION_CONTEXT(2) 
PARAMETRIC_REPRESENTATION_CONTEXT() REPRESENTATION_CONTEXT('2D SPACE',''
  ) );
#2140 = PCURVE('',#1718,#2141);
#2141 = DEFINITIONAL_REPRESENTATION('',(#2142),#2146);
#2142 = LINE('',#2143,#2144);
#2143 = CARTESIAN_POINT('',(-6.28318530718,-10.14));
#2144 = VECTOR('',#2145,1.);
#2145 = DIRECTION('',(1.,-0.));
#2146 = ( GEOMETRIC_REPRESENTATION_CONTEXT(2) 
PARAMETRIC_REPRESENTATION_CONTEXT() REPRESENTATION_CONTEXT('2D SPACE',''
  ) );
#2147 = ADVANCED_FACE('',(#2148),#837,.F.);
#2148 = FACE_BOUND('',#2149,.T.);
#2149 = EDGE_LOOP('',(#2150,#2151,#2152,#2173));
#2150 = ORIENTED_EDGE('',*,*,#2100,.T.);
#2151 = ORIENTED_EDGE('',*,*,#1373,.T.);
#2152 = ORIENTED_EDGE('',*,*,#2153,.F.);
#2153 = EDGE_CURVE('',#817,#1374,#2154,.T.);
#2154 = SURFACE_CURVE('',#2155,(#2159,#2166),.PCURVE_S1.);
#2155 = LINE('',#2156,#2157);
#2156 = CARTESIAN_POINT('',(-0.4,-4.29E-15,19.34));
#2157 = VECTOR('',#2158,1.);
#2158 = DIRECTION('',(0.,-1.,2.2E-16));
#2159 = PCURVE('',#837,#2160);
#2160 = DEFINITIONAL_REPRESENTATION('',(#2161),#2165);
#2161 = LINE('',#2162,#2163);
#2162 = CARTESIAN_POINT('',(-3.14159265359,0.));
#2163 = VECTOR('',#2164,1.);
#2164 = DIRECTION('',(-0.,-1.));
#2165 = ( GEOMETRIC_REPRESENTATION_CONTEXT(2) 
PARAMETRIC_REPRESENTATION_CONTEXT() REPRESENTATION_CONTEXT('2D SPACE',''
  ) );
#2166 = PCURVE('',#865,#2167);
#2167 = DEFINITIONAL_REPRESENTATION('',(#2168),#2172);
#2168 = LINE('',#2169,#2170);
#2169 = CARTESIAN_POINT('',(0.,0.));
#2170 = VECTOR('',#2171,1.);
#2171 = DIRECTION('',(-4.4E-16,-1.));
#2172 = ( GEOMETRIC_REPRESENTATION_CONTEXT(2) 
PARAMETRIC_REPRESENTATION_CONTEXT() REPRESENTATION_CONTEXT('2D SPACE',''
  ) );
#2173 = ORIENTED_EDGE('',*,*,#816,.F.);
#2174 = ADVANCED_FACE('',(#2175),#865,.T.);
#2175 = FACE_BOUND('',#2176,.T.);
#2176 = EDGE_LOOP('',(#2177,#2178,#2179,#2200));
#2177 = ORIENTED_EDGE('',*,*,#2153,.T.);
#2178 = ORIENTED_EDGE('',*,*,#1401,.T.);
#2179 = ORIENTED_EDGE('',*,*,#2180,.F.);
#2180 = EDGE_CURVE('',#850,#1402,#2181,.T.);
#2181 = SURFACE_CURVE('',#2182,(#2186,#2193),.PCURVE_S1.);
#2182 = LINE('',#2183,#2184);
#2183 = CARTESIAN_POINT('',(-0.4,-1.57E-15,7.053216408949));
#2184 = VECTOR('',#2185,1.);
#2185 = DIRECTION('',(0.,-1.,2.2E-16));
#2186 = PCURVE('',#865,#2187);
#2187 = DEFINITIONAL_REPRESENTATION('',(#2188),#2192);
#2188 = LINE('',#2189,#2190);
#2189 = CARTESIAN_POINT('',(12.286783591051,1.690760996877E-17));
#2190 = VECTOR('',#2191,1.);
#2191 = DIRECTION('',(-4.4E-16,-1.));
#2192 = ( GEOMETRIC_REPRESENTATION_CONTEXT(2) 
PARAMETRIC_REPRESENTATION_CONTEXT() REPRESENTATION_CONTEXT('2D SPACE',''
  ) );
#2193 = PCURVE('',#898,#2194);
#2194 = DEFINITIONAL_REPRESENTATION('',(#2195),#2199);
#2195 = LINE('',#2196,#2197);
#2196 = CARTESIAN_POINT('',(-6.28318530718,0.));
#2197 = VECTOR('',#2198,1.);
#2198 = DIRECTION('',(-0.,-1.));
#2199 = ( GEOMETRIC_REPRESENTATION_CONTEXT(2) 
PARAMETRIC_REPRESENTATION_CONTEXT() REPRESENTATION_CONTEXT('2D SPACE',''
  ) );
#2200 = ORIENTED_EDGE('',*,*,#849,.F.);
#2201 = ADVANCED_FACE('',(#2202),#898,.T.);
#2202 = FACE_BOUND('',#2203,.F.);
#2203 = EDGE_LOOP('',(#2204,#2205,#2206,#2207));
#2204 = ORIENTED_EDGE('',*,*,#1482,.T.);
#2205 = ORIENTED_EDGE('',*,*,#1424,.T.);
#2206 = ORIENTED_EDGE('',*,*,#2180,.F.);
#2207 = ORIENTED_EDGE('',*,*,#877,.F.);
#2208 = ADVANCED_FACE('',(#2209),#1718,.F.);
#2209 = FACE_BOUND('',#2210,.T.);
#2210 = EDGE_LOOP('',(#2211,#2212,#2233,#2234));
#2211 = ORIENTED_EDGE('',*,*,#2124,.T.);
#2212 = ORIENTED_EDGE('',*,*,#2213,.T.);
#2213 = EDGE_CURVE('',#2125,#1698,#2214,.T.);
#2214 = SEAM_CURVE('',#2215,(#2219,#2226),.PCURVE_S1.);
#2215 = LINE('',#2216,#2217);
#2216 = CARTESIAN_POINT('',(95.,-9.3,10.));
#2217 = VECTOR('',#2218,1.);
#2218 = DIRECTION('',(0.,0.,1.));
#2219 = PCURVE('',#1718,#2220);
#2220 = DEFINITIONAL_REPRESENTATION('',(#2221),#2225);
#2221 = LINE('',#2222,#2223);
#2222 = CARTESIAN_POINT('',(-6.28318530718,0.));
#2223 = VECTOR('',#2224,1.);
#2224 = DIRECTION('',(-0.,-1.));
#2225 = ( GEOMETRIC_REPRESENTATION_CONTEXT(2) 
PARAMETRIC_REPRESENTATION_CONTEXT() REPRESENTATION_CONTEXT('2D SPACE',''
  ) );
#2226 = PCURVE('',#1718,#2227);
#2227 = DEFINITIONAL_REPRESENTATION('',(#2228),#2232);
#2228 = LINE('',#2229,#2230);
#2229 = CARTESIAN_POINT('',(-0.,0.));
#2230 = VECTOR('',#2231,1.);
#2231 = DIRECTION('',(-0.,-1.));
#2232 = ( GEOMETRIC_REPRESENTATION_CONTEXT(2) 
PARAMETRIC_REPRESENTATION_CONTEXT() REPRESENTATION_CONTEXT('2D SPACE',''
  ) );
#2233 = ORIENTED_EDGE('',*,*,#1697,.F.);
#2234 = ORIENTED_EDGE('',*,*,#2213,.F.);
#2235 = ADVANCED_FACE('',(#2236),#1857,.F.);
#2236 = FACE_BOUND('',#2237,.T.);
#2237 = EDGE_LOOP('',(#2238,#2239,#2260,#2261));
#2238 = ORIENTED_EDGE('',*,*,#1840,.T.);
#2239 = ORIENTED_EDGE('',*,*,#2240,.T.);
#2240 = EDGE_CURVE('',#1841,#1957,#2241,.T.);
#2241 = SEAM_CURVE('',#2242,(#2246,#2253),.PCURVE_S1.);
#2242 = LINE('',#2243,#2244);
#2243 = CARTESIAN_POINT('',(94.9,-75.06,0.));
#2244 = VECTOR('',#2245,1.);
#2245 = DIRECTION('',(0.,0.,1.));
#2246 = PCURVE('',#1857,#2247);
#2247 = DEFINITIONAL_REPRESENTATION('',(#2248),#2252);
#2248 = LINE('',#2249,#2250);
#2249 = CARTESIAN_POINT('',(-6.28318530718,0.));
#2250 = VECTOR('',#2251,1.);
#2251 = DIRECTION('',(-0.,-1.));
#2252 = ( GEOMETRIC_REPRESENTATION_CONTEXT(2) 
PARAMETRIC_REPRESENTATION_CONTEXT() REPRESENTATION_CONTEXT('2D SPACE',''
  ) );
#2253 = PCURVE('',#1857,#2254);
#2254 = DEFINITIONAL_REPRESENTATION('',(#2255),#2259);
#2255 = LINE('',#2256,#2257);
#2256 = CARTESIAN_POINT('',(-0.,0.));
#2257 = VECTOR('',#2258,1.);
#2258 = DIRECTION('',(-0.,-1.));
#2259 = ( GEOMETRIC_REPRESENTATION_CONTEXT(2) 
PARAMETRIC_REPRESENTATION_CONTEXT() REPRESENTATION_CONTEXT('2D SPACE',''
  ) );
#2260 = ORIENTED_EDGE('',*,*,#1956,.F.);
#2261 = ORIENTED_EDGE('',*,*,#2240,.F.);
#2262 = ADVANCED_FACE('',(#2263),#1888,.F.);
#2263 = FACE_BOUND('',#2264,.T.);
#2264 = EDGE_LOOP('',(#2265,#2266,#2287,#2288));
#2265 = ORIENTED_EDGE('',*,*,#1871,.T.);
#2266 = ORIENTED_EDGE('',*,*,#2267,.T.);
#2267 = EDGE_CURVE('',#1872,#1987,#2268,.T.);
#2268 = SEAM_CURVE('',#2269,(#2273,#2280),.PCURVE_S1.);
#2269 = LINE('',#2270,#2271);
#2270 = CARTESIAN_POINT('',(94.75,-9.3,0.));
#2271 = VECTOR('',#2272,1.);
#2272 = DIRECTION('',(0.,0.,1.));
#2273 = PCURVE('',#1888,#2274);
#2274 = DEFINITIONAL_REPRESENTATION('',(#2275),#2279);
#2275 = LINE('',#2276,#2277);
#2276 = CARTESIAN_POINT('',(-6.28318530718,0.));
#2277 = VECTOR('',#2278,1.);
#2278 = DIRECTION('',(-0.,-1.));
#2279 = ( GEOMETRIC_REPRESENTATION_CONTEXT(2) 
PARAMETRIC_REPRESENTATION_CONTEXT() REPRESENTATION_CONTEXT('2D SPACE',''
  ) );
#2280 = PCURVE('',#1888,#2281);
#2281 = DEFINITIONAL_REPRESENTATION('',(#2282),#2286);
#2282 = LINE('',#2283,#2284);
#2283 = CARTESIAN_POINT('',(-0.,0.));
#2284 = VECTOR('',#2285,1.);
#2285 = DIRECTION('',(-0.,-1.));
#2286 = ( GEOMETRIC_REPRESENTATION_CONTEXT(2) 
PARAMETRIC_REPRESENTATION_CONTEXT() REPRESENTATION_CONTEXT('2D SPACE',''
  ) );
#2287 = ORIENTED_EDGE('',*,*,#1986,.F.);
#2288 = ORIENTED_EDGE('',*,*,#2267,.F.);
#2289 = ( GEOMETRIC_REPRESENTATION_CONTEXT(3) 
GLOBAL_UNCERTAINTY_ASSIGNED_CONTEXT((#2293)) 
GLOBAL_UNIT_ASSIGNED_CONTEXT((#2290,#2291,#2292)) REPRESENTATION_CONTEXT
('Context #1','3D Context with UNIT and UNCERTAINTY') );
#2290 = ( LENGTH_UNIT() NAMED_UNIT(*) SI_UNIT(.MILLI.,.METRE.) );
#2291 = ( NAMED_UNIT(*) PLANE_ANGLE_UNIT() SI_UNIT($,.RADIAN.) );
#2292 = ( NAMED_UNIT(*) SI_UNIT($,.STERADIAN.) SOLID_ANGLE_UNIT() );
#2293 = UNCERTAINTY_MEASURE_WITH_UNIT(LENGTH_MEASURE(1.E-07),#2290,
  'distance_accuracy_value','confusion accuracy');
#2294 = PRODUCT_RELATED_PRODUCT_CATEGORY('part',$,(#7));
#2295 = MECHANICAL_DESIGN_GEOMETRIC_PRESENTATION_REPRESENTATION('',(
    #2296),#2289);
#2296 = STYLED_ITEM('color',(#2297),#15);
#2297 = PRESENTATION_STYLE_ASSIGNMENT((#2298,#2304));
#2298 = SURFACE_STYLE_USAGE(.BOTH.,#2299);
#2299 = SURFACE_SIDE_STYLE('',(#2300));
#2300 = SURFACE_STYLE_FILL_AREA(#2301);
#2301 = FILL_AREA_STYLE('',(#2302));
#2302 = FILL_AREA_STYLE_COLOUR('',#2303);
#2303 = COLOUR_RGB('',0.800000010877,0.800000010877,0.901960800373);
#2304 = CURVE_STYLE('',#2305,POSITIVE_LENGTH_MEASURE(0.1),#2306);
#2305 = DRAUGHTING_PRE_DEFINED_CURVE_FONT('continuous');
#2306 = COLOUR_RGB('',9.803921802644E-02,9.803921802644E-02,
  9.803921802644E-02);
ENDSEC;
END-ISO-10303-21;
